date,side,entry,exit,retPct,reason
2016-01-26,spy,60,90,-0.0347,band
2016-01-26,spy,120,150,-0.011,band
2016-01-26,spy,180,300,-0.4128,band
2016-01-29,spy,30,90,-0.0138,band
2016-01-29,spy,120,389,1.1982,close
2016-02-04,spy,90,120,-0.8888,band
2016-02-12,spy,360,389,0.078,close
2016-02-17,spy,90,270,-0.0192,band
2016-02-17,spy,300,389,-0.1487,close
2016-02-29,spy,150,180,-0.1854,band
2016-03-01,spy,60,389,1.1647,close
2016-03-04,spy,150,180,-0.0823,band
2016-03-04,spy,210,300,-0.1595,band
2016-03-10,spy,30,60,-0.3483,band
2016-03-11,spy,120,240,-0.1537,band
2016-03-11,spy,270,330,-0.1042,band
2016-03-11,spy,360,389,0.0316,close
2016-03-16,spy,300,330,-0.2048,band
2016-03-16,spy,360,389,-0.013,close
2016-03-17,spy,180,389,0.0578,close
2016-03-29,spy,180,389,0.4152,close
2016-04-01,spy,240,300,0.0376,band
2016-04-01,spy,330,389,0.0785,close
2016-04-06,spy,90,389,0.5641,close
2016-04-08,spy,30,60,-0.0692,band
2016-04-11,spy,30,90,-0.4384,band
2016-04-12,spy,30,60,-0.2062,band
2016-04-12,spy,90,389,0.4135,close
2016-04-13,spy,30,90,-0.0931,band
2016-04-13,spy,150,180,-0.0882,band
2016-04-18,spy,60,389,0.269,close
2016-04-19,spy,30,60,-0.021,band
2016-04-26,spy,30,60,-0.3889,band
2016-05-02,spy,240,389,0.1213,close
2016-05-09,spy,30,60,-0.2679,band
2016-05-09,spy,330,360,-0.1315,band
2016-05-10,spy,30,389,0.5146,close
2016-05-16,spy,30,389,0.5386,close
2016-05-18,spy,60,90,-0.2759,band
2016-05-18,spy,210,300,-1.0665,band
2016-05-20,spy,30,60,-0.108,band
2016-05-20,spy,60,240,-0.0424,band
2016-05-24,spy,30,389,0.3802,close
2016-05-25,spy,30,120,-0.0877,band
2016-05-25,spy,240,270,-0.0543,band
2016-05-25,spy,360,389,-0.245,close
2016-06-06,spy,30,60,-0.0211,band
2016-06-06,spy,90,120,-0.0684,band
2016-06-06,spy,300,360,-0.1108,band
2016-06-07,spy,180,210,-0.029,band
2016-06-07,spy,240,270,-0.12,band
2016-06-08,spy,30,60,-0.2424,band
2016-06-16,spy,360,389,-0.0352,close
2016-06-20,spy,60,90,-0.0639,band
2016-06-22,spy,90,180,-0.3748,band
2016-06-23,spy,150,210,-0.128,band
2016-06-28,spy,30,60,-0.1883,band
2016-06-28,spy,210,240,-0.2307,band
2016-06-28,spy,330,389,0.1831,close
2016-06-29,spy,60,389,0.4949,close
2016-06-30,spy,150,389,0.589,close
2016-07-01,spy,60,120,-0.2015,band
2016-07-06,spy,180,270,-0.126,band
2016-07-06,spy,330,360,-0.2093,band
2016-07-07,spy,30,60,0.0265,band
2016-07-08,spy,90,389,0.3185,close
2016-07-20,spy,120,150,-0.1458,band
2016-07-22,spy,180,210,-0.0814,band
2016-07-22,spy,360,389,-0.04,close
2016-07-26,spy,30,60,-0.0515,band
2016-07-29,spy,150,180,-0.0952,band
2016-07-29,spy,300,330,-0.1101,band
2016-08-05,spy,30,389,0.1114,close
2016-08-09,spy,30,90,0.0607,band
2016-08-09,spy,120,150,-0.0496,band
2016-08-15,spy,60,90,-0.0127,band
2016-08-15,spy,120,150,-0.0719,band
2016-08-15,spy,180,210,-0.0537,band
2016-08-15,spy,330,360,-0.0969,band
2016-08-18,spy,90,120,-0.0455,band
2016-08-26,spy,60,150,-0.7796,band
2016-08-29,spy,30,389,0.1021,close
2016-09-02,spy,30,60,-0.1726,band
2016-09-12,spy,60,389,1.0152,close
2016-09-14,spy,60,90,-0.3149,band
2016-09-14,spy,120,210,-0.0634,band
2016-09-15,spy,60,389,0.5814,close
2016-09-19,spy,30,60,-0.1238,band
2016-09-21,spy,360,389,0.1154,close
2016-09-27,spy,30,90,-0.2866,band
2016-09-27,spy,120,389,0.2437,close
2016-09-30,spy,120,210,-0.0954,band
2016-09-30,spy,300,389,-0.2797,close
2016-10-10,spy,30,120,-0.0977,band
2016-10-19,spy,90,120,-0.0913,band
2016-10-28,spy,180,240,-0.6104,band
2016-11-04,spy,120,330,-0.2261,band
2016-11-07,spy,30,389,0.5379,close
2016-11-08,spy,120,389,0.119,close
2016-11-09,spy,30,60,-0.46,band
2016-11-09,spy,120,389,0.494,close
2016-11-15,spy,330,389,0.0288,close
2016-11-17,spy,30,60,-0.1749,band
2016-11-17,spy,180,210,-0.1039,band
2016-11-21,spy,30,60,-0.2039,band
2016-11-29,spy,270,300,-0.0671,band
2016-12-02,spy,30,60,-0.1226,band
2016-12-05,spy,30,150,-0.108,band
2016-12-07,spy,150,389,0.9535,close
2016-12-08,spy,180,330,-0.1441,band
2016-12-09,spy,30,90,-0.0179,band
2016-12-09,spy,360,389,-0.04,close
2016-12-12,spy,30,60,-0.2584,band
2016-12-13,spy,30,60,-0.1125,band
2016-12-13,spy,60,90,-0.0246,band
2016-12-13,spy,120,389,0.054,close
2016-12-15,spy,30,270,-0.366,band
2016-12-15,spy,300,330,-0.0642,band
2016-12-19,spy,90,120,-0.1374,band
2016-12-27,spy,30,120,-0.1017,band
2016-12-27,spy,120,150,-0.0974,band
2017-01-03,spy,60,90,-0.549,band
2017-01-04,spy,30,60,-0.1748,band
2017-01-04,spy,90,389,0.1346,close
2017-01-06,spy,150,389,-0.0443,close
2017-01-10,spy,120,270,-0.2381,band
2017-01-11,spy,30,90,-0.0532,band
2017-01-13,spy,30,60,-0.0532,band
2017-01-13,spy,90,150,-0.0163,band
2017-01-20,spy,30,60,-0.0884,band
2017-01-24,spy,180,389,0.1492,close
2017-01-25,spy,90,150,-0.1094,band
2017-01-25,spy,240,389,0.0564,close
2017-02-03,spy,120,150,-0.0531,band
2017-02-03,spy,180,240,-0.0429,band
2017-02-03,spy,330,389,-0.0443,close
2017-02-09,spy,60,389,0.0946,close
2017-02-10,spy,300,330,-0.1205,band
2017-02-13,spy,30,90,0.0375,band
2017-02-13,spy,210,389,-0.0314,close
2017-02-14,spy,240,389,0.1056,close
2017-02-15,spy,120,150,-0.1551,band
2017-02-15,spy,180,389,0.246,close
2017-02-21,spy,30,120,-0.0926,band
2017-02-21,spy,150,210,-0.0612,band
2017-02-21,spy,210,270,-0.0527,band
2017-02-21,spy,300,389,0.0446,close
2017-03-01,spy,30,389,0.3201,close
2017-03-15,spy,210,240,-0.168,band
2017-03-15,spy,300,389,0.1109,close
2017-03-22,spy,120,180,-0.2533,band
2017-03-23,spy,90,240,-0.2252,band
2017-03-24,spy,30,60,-0.0506,band
2017-03-24,spy,90,120,-0.1251,band
2017-03-28,spy,120,389,0.3011,close
2017-03-30,spy,60,150,-0.0167,band
2017-04-05,spy,30,120,-0.1772,band
2017-04-05,spy,210,300,-0.0948,band
2017-04-06,spy,30,60,0.062,band
2017-04-06,spy,240,270,-0.1078,band
2017-04-10,spy,30,90,-0.1332,band
2017-04-17,spy,60,90,-0.0165,band
2017-04-17,spy,120,150,-0.1233,band
2017-04-17,spy,180,389,0.2764,close
2017-04-19,spy,30,60,-0.1426,band
2017-04-20,spy,150,389,0.1179,close
2017-04-25,spy,30,90,-0.0397,band
2017-04-25,spy,90,210,-0.0211,band
2017-04-25,spy,210,389,0.0187,close
2017-04-26,spy,90,150,-0.1278,band
2017-04-26,spy,210,270,-0.2154,band
2017-04-26,spy,330,360,-0.04,band
2017-05-15,spy,30,300,-0.0775,band
2017-05-15,spy,300,330,-0.0233,band
2017-05-15,spy,330,360,-0.0108,band
2017-05-15,spy,360,389,0.0287,close
2017-05-18,spy,60,150,-0.2848,band
2017-05-18,spy,150,240,-0.0485,band
2017-05-18,spy,270,389,-0.0928,close
2017-05-19,spy,30,360,-0.0169,band
2017-05-19,spy,360,389,0.0419,close
2017-05-22,spy,30,60,-0.04,band
2017-05-22,spy,180,270,-0.1203,band
2017-05-22,spy,300,330,-0.0609,band
2017-05-22,spy,360,389,-0.0358,close
2017-05-25,spy,120,150,-0.2218,band
2017-05-25,spy,180,389,-0.0152,close
2017-06-01,spy,210,389,0.203,close
2017-06-02,spy,150,300,-0.0154,band
2017-06-02,spy,330,389,-0.0318,close
2017-06-09,spy,30,180,-0.0768,band
2017-06-13,spy,240,270,-0.0768,band
2017-06-13,spy,360,389,-0.0563,close
2017-06-19,spy,30,389,0.2715,close
2017-06-22,spy,120,180,-0.0888,band
2017-06-22,spy,240,270,-0.0379,band
2017-06-23,spy,150,210,-0.0236,band
2017-06-23,spy,270,300,-0.1303,band
2017-06-26,spy,30,60,-0.0625,band
2017-06-28,spy,90,389,0.0751,close
2017-07-07,spy,150,389,0.0096,close
2017-07-12,spy,30,90,-0.1465,band
2017-07-12,spy,270,389,-0.0561,close
2017-07-14,spy,90,120,-0.0114,band
2017-07-14,spy,210,389,0.1072,close
2017-07-19,spy,30,60,-0.0607,band
2017-07-19,spy,300,389,0.0309,close
2017-08-07,spy,360,389,-0.0279,close
2017-08-08,spy,90,240,-0.1828,band
2017-08-11,spy,60,120,-0.1872,band
2017-08-11,spy,300,330,-0.2179,band
2017-08-14,spy,30,330,0.027,band
2017-08-14,spy,330,389,0.0107,close
2017-08-18,spy,210,240,-0.1817,band
2017-08-22,spy,30,389,0.4101,close
2017-08-25,spy,30,90,-0.3454,band
2017-08-30,spy,90,150,-0.0156,band
2017-08-30,spy,210,389,0.0454,close
2017-08-31,spy,330,360,-0.0117,band
2017-09-11,spy,30,389,0.2154,close
2017-09-18,spy,30,60,-0.0562,band
2017-09-27,spy,330,389,-0.1319,close
2017-09-28,spy,270,300,-0.1158,band
2017-09-29,spy,90,389,0.1634,close
2017-10-02,spy,30,120,-0.0956,band
2017-10-02,spy,180,389,0.1327,close
2017-10-04,spy,150,270,-0.1242,band
2017-10-04,spy,360,389,-0.036,close
2017-10-05,spy,120,389,0.2395,close
2017-10-16,spy,30,60,-0.1848,band
2017-10-20,spy,300,330,-0.1036,band
2017-10-27,spy,60,389,0.2986,close
2017-11-01,spy,30,60,-0.1484,band
2017-11-03,spy,240,389,0.0336,close
2017-11-06,spy,120,150,-0.1018,band
2017-11-06,spy,330,389,-0.0825,close
2017-11-07,spy,30,60,-0.112,band
2017-11-16,spy,60,389,0.1824,close
2017-11-21,spy,30,389,0.0774,close
2017-11-28,spy,120,270,0.0289,band
2017-11-28,spy,270,389,0.5222,close
2017-11-29,spy,30,60,-0.2336,band
2017-11-30,spy,90,389,0.1585,close
2017-12-05,spy,120,150,-0.221,band
2017-12-07,spy,30,330,0.0966,band
2017-12-07,spy,360,389,-0.0476,close
2017-12-11,spy,30,60,-0.1471,band
2017-12-11,spy,270,300,-0.0569,band
2017-12-12,spy,300,330,-0.0606,band
2017-12-13,spy,30,90,-0.0549,band
2017-12-15,spy,60,90,-0.0963,band
2017-12-15,spy,120,389,-0.0302,close
2017-12-18,spy,30,60,-0.0959,band
2017-12-18,spy,60,90,-0.0847,band
2017-12-21,spy,240,270,-0.0859,band
2018-01-02,spy,60,120,-0.1019,band
2018-01-02,spy,360,389,0.0903,close
2018-01-03,spy,30,389,0.2677,close
2018-01-04,spy,30,120,-0.1209,band
2018-01-04,spy,210,300,-0.0654,band
2018-01-04,spy,330,389,-0.1466,close
2018-01-08,spy,240,270,-0.0473,band
2018-01-09,spy,120,180,-0.1091,band
2018-01-09,spy,210,300,-0.0945,band
2018-01-11,spy,30,60,-0.1399,band
2018-01-11,spy,150,389,0.2869,close
2018-01-12,spy,30,389,0.2685,close
2018-01-16,spy,30,60,-0.1917,band
2018-01-17,spy,180,389,0.3008,close
2018-01-22,spy,60,120,-0.163,band
2018-01-22,spy,120,389,0.5863,close
2018-01-23,spy,90,150,-0.1846,band
2018-01-26,spy,120,150,-0.0768,band
2018-01-26,spy,180,389,0.5671,close
2018-02-01,spy,150,270,-0.3156,band
2018-02-06,spy,30,60,-1.2961,band
2018-02-06,spy,180,240,-0.6227,band
2018-02-06,spy,330,389,0.8441,close
2018-02-07,spy,30,210,0.2175,band
2018-02-12,spy,270,330,-0.1301,band
2018-02-12,spy,360,389,-0.535,close
2018-02-14,spy,120,150,-0.1316,band
2018-02-14,spy,210,389,0.5734,close
2018-02-21,spy,300,330,-0.4841,band
2018-02-28,spy,30,60,-0.0871,band
2018-03-05,spy,120,389,0.4876,close
2018-03-09,spy,60,389,0.8498,close
2018-03-26,spy,30,60,-0.6256,band
2018-03-26,spy,300,389,0.5935,close
2018-03-28,spy,30,60,-0.2333,band
2018-03-29,spy,90,389,0.2072,close
2018-04-04,spy,360,389,0.0363,close
2018-04-09,spy,30,330,0.5409,band
2018-04-12,spy,30,90,-0.2818,band
2018-04-26,spy,90,120,-0.2124,band
2018-04-26,spy,240,360,-0.04,band
2018-05-04,spy,60,389,0.8166,close
2018-05-07,spy,30,60,-0.1501,band
2018-05-09,spy,210,389,0.0788,close
2018-05-10,spy,120,270,0.0666,band
2018-05-11,spy,30,60,-0.08,band
2018-05-11,spy,90,120,-0.201,band
2018-05-16,spy,30,60,-0.0878,band
2018-05-16,spy,180,360,-0.161,band
2018-05-17,spy,90,120,-0.1424,band
2018-05-30,spy,90,389,0.2137,close
2018-06-01,spy,30,389,0.1833,close
2018-06-04,spy,30,60,-0.2591,band
2018-06-06,spy,150,180,-0.04,band
2018-06-06,spy,300,389,0.2853,close
2018-06-11,spy,150,270,-0.0472,band
2018-06-26,spy,240,270,-0.0298,band
2018-06-27,spy,30,120,-0.3986,band
2018-06-28,spy,90,180,-0.2473,band
2018-06-28,spy,240,389,0.2486,close
2018-06-29,spy,30,150,0.004,band
2018-06-29,spy,150,210,-0.0473,band
2018-06-29,spy,210,270,-0.029,band
2018-06-29,spy,270,300,-0.0839,band
2018-07-06,spy,30,389,0.5395,close
2018-07-09,spy,150,240,-0.0742,band
2018-07-12,spy,210,270,-0.1367,band
2018-07-17,spy,150,330,0.0207,band
2018-07-17,spy,360,389,-0.1112,close
2018-07-24,spy,30,90,0.0415,band
2018-07-25,spy,30,60,-0.141,band
2018-07-25,spy,210,240,-0.1528,band
2018-07-25,spy,270,389,0.5332,close
2018-07-31,spy,150,300,-0.079,band
2018-08-01,spy,60,90,-0.1215,band
2018-08-02,spy,180,389,0.1836,close
2018-08-03,spy,60,90,-0.1177,band
2018-08-06,spy,180,270,-0.1137,band
2018-08-13,spy,30,90,-0.0541,band
2018-08-14,spy,90,150,-0.0646,band
2018-08-14,spy,180,210,-0.1139,band
2018-08-14,spy,270,300,-0.1159,band
2018-08-14,spy,330,389,-0.0941,close
2018-08-16,spy,90,300,0.0128,band
2018-08-16,spy,360,389,-0.1092,close
2018-08-17,spy,300,389,-0.1136,close
2018-08-21,spy,30,60,-0.0717,band
2018-08-21,spy,150,270,-0.0069,band
2018-08-23,spy,30,90,-0.0819,band
2018-08-24,spy,90,389,0.0714,close
2018-08-27,spy,30,389,0.1051,close
2018-08-29,spy,90,389,0.1662,close
2018-09-06,spy,30,60,-0.313,band
2018-09-11,spy,150,389,-0.1436,close
2018-09-13,spy,30,60,-0.1242,band
2018-09-18,spy,30,389,0.2046,close
2018-09-20,spy,150,389,-0.0025,close
2018-09-26,spy,300,330,-0.2489,band
2018-09-27,spy,60,300,-0.0366,band
2018-09-27,spy,300,330,-0.1292,band
2018-10-01,spy,30,90,-0.016,band
2018-10-09,spy,60,90,-0.1924,band
2018-10-11,spy,30,60,-0.4241,band
2018-10-16,spy,90,389,0.7689,close
2018-10-19,spy,30,120,-0.1764,band
2018-10-25,spy,60,389,0.492,close
2018-10-30,spy,30,90,-0.8756,band
2018-10-30,spy,120,210,-0.4688,band
2018-10-30,spy,360,389,0.2557,close
2018-10-31,spy,60,90,-0.2439,band
2018-10-31,spy,300,330,-0.0473,band
2018-11-06,spy,30,60,-0.0668,band
2018-11-07,spy,150,270,-0.0758,band
2018-11-07,spy,300,389,0.2956,close
2018-11-15,spy,240,360,-0.1428,band
2018-11-26,spy,30,120,-0.2253,band
2018-11-28,spy,180,389,0.7862,close
2018-12-19,spy,30,240,-0.0054,band
2018-12-19,spy,240,300,-0.5642,band
2018-12-21,spy,60,90,-0.6398,band
2018-12-26,spy,150,389,3.0963,close
2019-01-04,spy,30,389,1.2311,close
2019-01-07,spy,150,270,-0.1927,band
2019-01-15,spy,30,60,-0.3816,band
2019-01-15,spy,120,300,-0.1325,band
2019-01-18,spy,180,210,-0.0606,band
2019-01-30,spy,300,389,0.0086,close
2019-01-31,spy,60,389,0.2498,close
2019-02-01,spy,60,90,-0.2799,band
2019-02-04,spy,270,330,-0.0584,band
2019-02-04,spy,360,389,0.2216,close
2019-02-12,spy,30,389,0.3315,close
2019-02-13,spy,30,60,-0.0182,band
2019-02-22,spy,30,60,-0.0238,band
2019-02-22,spy,90,300,-0.0118,band
2019-03-01,spy,30,60,-0.3819,band
2019-03-11,spy,30,389,0.7486,close
2019-03-12,spy,90,120,-0.1347,band
2019-03-13,spy,90,360,-0.056,band
2019-03-18,spy,30,120,-0.3553,band
2019-03-21,spy,30,389,0.8314,close
2019-03-26,spy,30,60,-0.079,band
2019-03-26,spy,90,120,-0.2223,band
2019-04-01,spy,360,389,0.0195,close
2019-04-23,spy,60,389,0.4471,close
2019-04-26,spy,360,389,0.158,close
2019-04-29,spy,180,330,-0.0553,band
2019-05-03,spy,150,389,0.0996,close
2019-05-10,spy,360,389,-0.217,close
2019-05-14,spy,60,389,-0.0788,close
2019-05-15,spy,120,389,-0.0294,close
2019-05-16,spy,30,270,0.0957,band
2019-05-16,spy,270,360,-0.1755,band
2019-05-16,spy,360,389,-0.0435,close
2019-05-28,spy,30,60,-0.1985,band
2019-05-30,spy,30,60,-0.0168,band
2019-06-04,spy,120,389,0.519,close
2019-06-06,spy,360,389,-0.1119,close
2019-06-07,spy,30,389,0.1306,close
2019-06-10,spy,150,180,-0.2154,band
2019-06-18,spy,30,150,-0.2071,band
2019-06-18,spy,150,180,-0.0058,band
2019-06-18,spy,180,210,-0.1032,band
2019-06-18,spy,210,240,-0.093,band
2019-06-18,spy,270,330,-0.0742,band
2019-06-18,spy,330,360,-0.0537,band
2019-06-27,spy,30,60,-0.0708,band
2019-07-10,spy,30,60,-0.237,band
2019-07-18,spy,300,389,0.0772,close
2019-07-22,spy,30,60,-0.1691,band
2019-07-24,spy,330,389,0.1228,close
2019-07-26,spy,30,60,-0.0798,band
2019-07-26,spy,120,389,0.1258,close
2019-08-01,spy,30,240,-0.0768,band
2019-08-01,spy,240,270,-0.7031,band
2019-08-06,spy,300,330,-0.1687,band
2019-08-08,spy,60,389,0.9227,close
2019-08-13,spy,30,389,-0.1424,close
2019-08-16,spy,90,330,-0.1559,band
2019-08-28,spy,120,150,-0.0608,band
2019-08-28,spy,210,240,-0.1404,band
2019-08-28,spy,330,360,-0.1853,band
2019-09-05,spy,30,150,0.002,band
2019-09-05,spy,360,389,-0.1975,close
2019-09-11,spy,210,240,-0.0249,band
2019-09-12,spy,60,90,-0.4059,band
2019-09-19,spy,60,180,-0.2285,band
2019-09-23,spy,180,210,-0.0635,band
2019-09-23,spy,360,389,-0.2407,close
2019-09-25,spy,300,389,0.108,close
2019-09-30,spy,30,60,-0.0922,band
2019-09-30,spy,90,330,0.0948,band
2019-10-01,spy,30,60,-0.5606,band
2019-10-03,spy,270,360,-0.2262,band
2019-10-04,spy,30,60,-0.2416,band
2019-10-04,spy,60,90,0.0388,band
2019-10-04,spy,90,389,0.7161,close
2019-10-10,spy,30,240,-0.156,band
2019-10-10,spy,270,300,-0.1831,band
2019-10-10,spy,360,389,-0.057,close
2019-10-11,spy,30,150,0.0553,band
2019-10-11,spy,300,389,-0.697,close
2019-10-15,spy,60,389,0.1292,close
2019-10-25,spy,90,389,0.0462,close
2019-11-01,spy,60,90,-0.0433,band
2019-11-01,spy,270,389,0.0613,close
2019-11-07,spy,90,120,-0.098,band
2019-11-07,spy,150,180,-0.0497,band
2019-11-12,spy,30,150,-0.0965,band
2019-11-25,spy,30,389,0.1614,close
2019-11-26,spy,180,210,-0.0591,band
2019-11-27,spy,240,389,0.0139,close
2019-12-04,spy,30,180,-0.1073,band
2019-12-04,spy,180,389,-0.0336,close
2019-12-06,spy,90,389,-0.0939,close
2019-12-12,spy,30,120,-0.2291,band
2019-12-12,spy,120,150,-0.1505,band
2019-12-12,spy,150,180,-0.1444,band
2019-12-12,spy,180,210,0.0771,band
2019-12-12,spy,210,240,0.0074,band
2019-12-12,spy,240,270,-0.0716,band
2019-12-12,spy,270,300,0.2066,band
2019-12-12,spy,300,389,0.0042,close
2019-12-16,spy,150,210,-0.0681,band
2019-12-16,spy,270,300,-0.1571,band
2019-12-19,spy,180,210,-0.0821,band
2019-12-19,spy,240,389,0.0598,close
2019-12-26,spy,90,180,-0.1206,band
2019-12-26,spy,240,330,-0.0772,band
2020-01-08,spy,30,60,-0.1851,band
2020-01-08,spy,120,389,0.105,close
2020-01-13,spy,150,270,-0.0626,band
2020-01-13,spy,300,360,-0.0858,band
2020-01-15,spy,30,210,-0.2103,band
2020-01-15,spy,300,330,-0.1592,band
2020-01-28,spy,60,389,0.1438,close
2020-02-03,spy,30,120,-0.3224,band
2020-02-03,spy,120,150,-0.2124,band
2020-02-03,spy,180,210,0.0586,band
2020-02-03,spy,210,240,-0.1938,band
2020-02-03,spy,270,300,-0.077,band
2020-02-03,spy,360,389,-0.2462,close
2020-02-04,spy,30,90,0.0524,band
2020-02-04,spy,120,389,-0.1235,close
2020-02-10,spy,90,180,-0.091,band
2020-02-10,spy,330,389,0.2145,close
2020-02-19,spy,240,270,-0.068,band
2020-02-26,spy,30,150,0.0075,band
2020-02-26,spy,150,180,-0.3695,band
2020-03-02,spy,120,330,-0.477,band
2020-03-02,spy,360,389,1.8314,close
2020-03-04,spy,240,389,1.2413,close
2020-03-17,spy,150,240,-1.7294,band
2020-03-17,spy,270,360,-0.4762,band
2020-03-19,spy,270,300,0.1441,band
2020-03-24,spy,60,90,-0.04,band
2020-03-24,spy,150,270,-1.2888,band
2020-03-24,spy,330,389,1.2909,close
2020-03-25,spy,180,389,-1.1417,close
2020-03-26,spy,30,389,3.1241,close
2020-04-02,spy,60,120,-0.1701,band
2020-04-02,spy,210,240,-1.3234,band
2020-04-06,spy,210,300,-0.2479,band
2020-04-08,spy,300,330,0.2787,band
2020-04-09,spy,30,60,-0.5712,band
2020-04-14,spy,30,60,0.0201,band
2020-04-23,spy,60,150,-0.192,band
2020-04-29,spy,210,389,-0.3358,close
2020-05-05,spy,30,60,-0.3001,band
2020-05-05,spy,120,180,0.0258,band
2020-05-05,spy,210,360,-0.5302,band
2020-05-07,spy,30,60,-0.2201,band
2020-05-18,spy,90,180,0.089,band
2020-05-18,spy,240,360,0.0901,band
2020-05-20,spy,60,180,-0.1544,band
2020-06-03,spy,330,389,0.0054,close
2020-06-05,spy,90,389,0.0195,close
2020-06-08,spy,270,389,0.4604,close
2020-06-15,spy,300,360,-0.6606,band
2020-06-30,spy,150,180,0.0805,band
2020-07-02,spy,30,60,-0.5029,band
2020-07-08,spy,30,60,-0.203,band
2020-07-10,spy,330,389,0.2662,close
2020-07-13,spy,120,150,-0.1889,band
2020-07-13,spy,240,270,-0.1857,band
2020-07-14,spy,300,389,0.4229,close
2020-07-20,spy,60,90,-0.1376,band
2020-07-20,spy,210,389,0.3716,close
2020-07-22,spy,30,60,-0.1781,band
2020-07-27,spy,30,90,-0.0508,band
2020-07-29,spy,30,389,0.6582,close
2020-08-06,spy,300,389,0.1457,close
2020-08-12,spy,30,240,0.1086,band
2020-08-12,spy,240,389,0.1559,close
2020-08-20,spy,330,360,-0.1641,band
2020-08-21,spy,330,389,-0.0391,close
2020-08-26,spy,120,389,0.5618,close
2020-08-27,spy,30,120,-0.103,band
2020-08-27,spy,150,180,-0.295,band
2020-09-01,spy,60,90,-0.205,band
2020-09-01,spy,210,389,0.3812,close
2020-09-02,spy,180,389,0.6041,close
2020-09-09,spy,30,389,0.3351,close
2020-09-14,spy,30,210,0.2521,band
2020-09-24,spy,240,300,-0.5484,band
2020-09-25,spy,240,389,0.6706,close
2020-09-30,spy,30,330,0.2569,band
2020-09-30,spy,330,360,-0.684,band
2020-10-05,spy,60,270,-0.0252,band
2020-10-05,spy,330,389,0.1782,close
2020-10-07,spy,300,389,-0.1601,close
2020-10-12,spy,120,389,0.1618,close
2020-10-14,spy,30,60,-0.4919,band
2020-10-16,spy,60,90,-0.2709,band
2020-10-20,spy,30,60,-0.1357,band
2020-10-20,spy,240,300,-0.2319,band
2020-10-21,spy,30,90,-0.4077,band
2020-10-29,spy,30,389,0.6352,close
2020-11-02,spy,60,90,-0.4004,band
2020-11-03,spy,30,210,0.2551,band
2020-11-03,spy,210,240,-0.0489,band
2020-11-03,spy,240,270,-0.3435,band
2020-11-03,spy,360,389,-0.2656,close
2020-11-04,spy,30,360,0.4418,band
2020-11-04,spy,360,389,-0.1882,close
2020-11-05,spy,90,120,-0.165,band
2020-11-24,spy,90,389,0.4107,close
2020-12-01,spy,60,90,-0.1898,band
2020-12-01,spy,120,150,-0.1185,band
2020-12-01,spy,180,210,-0.0945,band
2020-12-01,spy,240,330,-0.1299,band
2020-12-03,spy,60,120,-0.0251,band
2020-12-04,spy,30,300,0.0999,band
2020-12-04,spy,300,389,0.2827,close
2020-12-08,spy,300,330,-0.1328,band
2020-12-14,spy,30,90,-0.4619,band
2020-12-15,spy,270,360,-0.1348,band
2020-12-23,spy,30,60,-0.1253,band
2021-01-05,spy,30,60,-0.3219,band
2021-01-05,spy,210,389,0.1745,close
2021-01-06,spy,30,360,0.5294,band
2021-01-06,spy,360,389,-0.2456,close
2021-01-07,spy,30,389,0.2801,close
2021-01-20,spy,90,120,-0.0583,band
2021-01-20,spy,180,389,0.0852,close
2021-01-28,spy,30,360,0.5558,band
2021-01-28,spy,360,389,-0.6007,close
2021-02-01,spy,180,389,-0.0514,close
2021-02-02,spy,30,389,0.0946,close
2021-02-04,spy,30,60,-0.0947,band
2021-02-04,spy,90,150,0.0526,band
2021-02-04,spy,240,389,0.2216,close
2021-02-23,spy,360,389,-0.3665,close
2021-02-24,spy,90,389,0.8118,close
2021-03-01,spy,30,389,0.7189,close
2021-03-05,spy,330,360,-0.0382,band
2021-03-08,spy,60,150,-0.4557,band
2021-03-08,spy,180,210,-0.0219,band
2021-03-08,spy,240,270,-0.7049,band
2021-03-09,spy,30,360,0.3976,band
2021-03-11,spy,90,270,0.1101,band
2021-03-11,spy,300,330,-0.2956,band
2021-03-22,spy,30,389,0.2127,close
2021-03-25,spy,360,389,0.0165,close
2021-03-26,spy,60,90,-0.2171,band
2021-03-26,spy,210,270,-0.2347,band
2021-03-26,spy,360,389,0.6976,close
2021-03-31,spy,30,60,-0.0778,band
2021-03-31,spy,60,389,-0.0021,close
2021-04-01,spy,60,150,0.0001,band
2021-04-01,spy,180,240,-0.105,band
2021-04-01,spy,270,330,0.0163,band
2021-04-05,spy,30,389,0.4669,close
2021-04-09,spy,270,330,-0.0656,band
2021-04-09,spy,360,389,0.1645,close
2021-04-13,spy,300,389,-0.0197,close
2021-04-14,spy,30,60,-0.0724,band
2021-04-15,spy,60,360,0.0528,band
2021-04-21,spy,30,389,0.5905,close
2021-04-23,spy,30,389,0.5676,close
2021-05-06,spy,180,210,-0.1393,band
2021-05-07,spy,30,240,0.1048,band
2021-05-07,spy,240,270,-0.0744,band
2021-05-07,spy,270,389,0.0976,close
2021-05-13,spy,30,120,-0.1691,band
2021-05-13,spy,120,150,-0.14,band
2021-05-13,spy,150,210,0.0528,band
2021-05-13,spy,210,240,-0.2327,band
2021-05-13,spy,240,270,0.0211,band
2021-05-13,spy,270,389,0.1847,close
2021-05-14,spy,30,60,-0.0448,band
2021-05-14,spy,90,389,0.2899,close
2021-05-20,spy,30,389,0.4973,close
2021-05-21,spy,30,60,-0.2959,band
2021-05-24,spy,60,180,-0.0436,band
2021-05-24,spy,210,360,0.1221,band
2021-06-04,spy,90,120,-0.0104,band
2021-06-04,spy,330,360,-0.0681,band
2021-06-10,spy,30,60,-0.1684,band
2021-06-21,spy,30,389,0.6319,close
2021-06-22,spy,90,389,0.2491,close
2021-07-01,spy,30,60,0.0043,band
2021-07-01,spy,270,389,0.103,close
2021-07-02,spy,210,389,0.0638,close
2021-07-09,spy,30,389,0.3656,close
2021-07-12,spy,60,120,-0.0698,band
2021-07-12,spy,300,389,-0.0228,close
2021-07-20,spy,30,389,0.6336,close
2021-07-21,spy,30,60,-0.1674,band
2021-07-23,spy,120,150,-0.1606,band
2021-07-23,spy,240,360,-0.0661,band
2021-07-29,spy,60,120,0.0428,band
2021-07-29,spy,180,210,-0.0884,band
2021-08-03,spy,300,389,0.1007,close
2021-08-10,spy,60,90,-0.2036,band
2021-08-12,spy,330,389,0.0027,close
2021-08-19,spy,150,240,-0.3754,band
2021-08-19,spy,360,389,-0.2147,close
2021-08-20,spy,30,389,0.3016,close
2021-08-23,spy,30,389,0.1997,close
2021-08-25,spy,180,210,-0.0528,band
2021-08-25,spy,300,330,-0.0511,band
2021-08-27,spy,60,389,0.1536,close
2021-08-30,spy,60,389,-0.0135,close
2021-09-09,spy,30,90,0.0087,band
2021-09-15,spy,180,389,0.3679,close
2021-09-22,spy,60,330,-0.056,band
2021-09-22,spy,360,389,-0.2701,close
2021-09-23,spy,30,389,0.1114,close
2021-10-01,spy,300,389,-0.0342,close
2021-10-05,spy,30,389,0.2424,close
2021-10-07,spy,30,240,0.0122,band
2021-10-11,spy,30,90,-0.0511,band
2021-10-14,spy,120,389,0.2614,close
2021-10-28,spy,30,210,-0.0072,band
2021-10-28,spy,240,389,0.1972,close
2021-11-02,spy,30,60,-0.0487,band
2021-11-02,spy,90,150,-0.1114,band
2021-11-02,spy,180,300,-0.0822,band
2021-11-02,spy,330,389,-0.0573,close
2021-11-03,spy,330,389,0.1108,close
2021-11-04,spy,30,120,-0.2556,band
2021-11-05,spy,30,60,-0.1038,band
2021-11-12,spy,120,389,0.0138,close
2021-11-16,spy,30,60,-0.1317,band
2021-11-16,spy,120,389,-0.1209,close
2021-11-22,spy,30,120,-0.2471,band
2021-11-22,spy,120,150,-0.383,band
2021-11-23,spy,30,60,-0.4585,band
2021-11-29,spy,180,389,-0.2611,close
2021-12-01,spy,90,150,-0.1953,band
2021-12-02,spy,30,389,0.5105,close
2021-12-06,spy,60,90,-0.0029,band
2021-12-06,spy,180,330,0.0384,band
2021-12-07,spy,30,360,0.0221,band
2021-12-15,spy,360,389,0.2604,close
2021-12-21,spy,180,389,0.3744,close
2021-12-22,spy,90,270,-0.1193,band
2021-12-22,spy,330,389,0.2429,close
2021-12-23,spy,30,120,0.0992,band
2021-12-23,spy,150,180,-0.0962,band
2021-12-23,spy,300,360,-0.094,band
2021-12-27,spy,30,389,0.7963,close
2022-01-11,spy,150,180,-0.1554,band
2022-01-11,spy,210,389,0.4304,close
2022-01-12,spy,30,60,-0.1521,band
2022-01-19,spy,30,60,-0.6212,band
2022-01-20,spy,30,240,-0.2415,band
2022-01-20,spy,240,270,-0.0224,band
2022-01-27,spy,30,60,-0.2177,band
2022-01-28,spy,120,210,-0.0239,band
2022-01-28,spy,240,300,-1.0199,band
2022-01-28,spy,330,389,1.2453,close
2022-01-31,spy,60,389,1.2134,close
2022-02-04,spy,240,389,-0.2758,close
2022-02-08,spy,120,300,-0.1156,band
2022-02-15,spy,90,120,-0.0961,band
2022-02-15,spy,150,180,-0.3517,band
2022-02-18,spy,30,60,-0.4803,band
2022-02-25,spy,60,389,1.2562,close
2022-03-02,spy,120,389,0.0697,close
2022-03-08,spy,180,270,-1.054,band
2022-03-14,spy,90,120,-0.4738,band
2022-03-15,spy,180,210,-0.1018,band
2022-03-15,spy,360,389,-0.0071,close
2022-03-16,spy,30,120,0.2308,band
2022-03-17,spy,270,300,-0.2243,band
2022-03-22,spy,30,150,0.1374,band
2022-03-22,spy,270,300,-0.2713,band
2022-04-04,spy,30,210,0.0447,band
2022-04-04,spy,270,360,0.0565,band
2022-04-07,spy,330,389,-0.2002,close
2022-04-08,spy,90,120,-0.0953,band
2022-04-08,spy,180,210,-0.0766,band
2022-04-12,spy,30,60,-0.3321,band
2022-04-13,spy,60,389,0.7909,close
2022-04-19,spy,30,389,0.8004,close
2022-04-27,spy,30,60,-1.3263,band
2022-04-27,spy,120,150,-0.0709,band
2022-04-27,spy,180,300,-0.5264,band
2022-04-28,spy,210,389,0.446,close
2022-05-02,spy,60,90,-0.7982,band
2022-05-03,spy,120,180,-0.5171,band
2022-05-04,spy,330,389,1.1317,close
2022-05-11,spy,30,90,-0.1656,band
2022-05-13,spy,30,270,-0.0525,band
2022-05-13,spy,360,389,-0.2362,close
2022-05-23,spy,180,210,-0.1611,band
2022-05-26,spy,30,389,0.582,close
2022-05-27,spy,30,90,-0.0144,band
2022-05-27,spy,150,389,0.6137,close
2022-06-02,spy,180,389,0.7725,close
2022-06-15,spy,360,389,-0.7845,close
2022-06-17,spy,30,60,-0.8202,band
2022-06-21,spy,30,150,-0.095,band
2022-06-21,spy,150,389,0.1458,close
2022-06-24,spy,30,389,1.2291,close
2022-07-07,spy,30,60,0.0324,band
2022-07-07,spy,90,120,-0.0725,band
2022-07-07,spy,150,240,-0.0844,band
2022-07-07,spy,270,389,0.0578,close
2022-07-19,spy,60,389,1.0055,close
2022-07-20,spy,90,240,-0.4983,band
2022-07-21,spy,180,240,-0.2663,band
2022-07-27,spy,90,120,-0.0173,band
2022-07-27,spy,150,210,-0.2037,band
2022-07-27,spy,330,389,0.2701,close
2022-07-28,spy,120,150,0.0393,band
2022-07-28,spy,180,389,0.4006,close
2022-07-29,spy,30,120,-0.2964,band
2022-07-29,spy,210,389,0.3521,close
2022-08-03,spy,30,60,0.0622,band
2022-08-03,spy,120,389,0.4229,close
2022-08-08,spy,30,60,-0.1466,band
2022-08-12,spy,120,150,-0.073,band
2022-08-12,spy,180,389,0.6339,close
2022-08-16,spy,270,300,0.0145,band
2022-08-24,spy,120,210,-0.3595,band
2022-08-25,spy,30,120,-0.2691,band
2022-09-07,spy,30,60,0.3585,band
2022-09-07,spy,90,389,1.2274,close
2022-09-08,spy,90,150,-0.3184,band
2022-09-09,spy,30,180,0.0194,band
2022-09-09,spy,210,330,0.2187,band
2022-09-09,spy,360,389,-0.1898,close
2022-09-12,spy,30,90,-0.1572,band
2022-09-26,spy,60,90,-0.3294,band
2022-09-28,spy,60,389,1.1283,close
2022-09-30,spy,120,150,-0.7408,band
2022-10-03,spy,60,389,0.5056,close
2022-10-04,spy,30,240,-0.3718,band
2022-10-04,spy,240,300,0.1331,band
2022-10-04,spy,330,389,0.1707,close
2022-10-13,spy,120,389,1.4592,close
2022-10-17,spy,30,90,-0.2092,band
2022-10-20,spy,60,120,-0.3626,band
2022-10-21,spy,30,60,-0.4736,band
2022-10-21,spy,150,389,1.0071,close
2022-10-25,spy,30,210,0.2955,band
2022-10-25,spy,300,330,-0.1185,band
2022-10-25,spy,360,389,-0.0608,close
2022-10-28,spy,30,389,1.4625,close
2022-11-08,spy,120,240,-0.8208,band
2022-11-10,spy,90,180,-0.0349,band
2022-11-10,spy,270,300,0.0047,band
2022-11-10,spy,330,389,0.5742,close
2022-11-11,spy,330,360,-0.1189,band
2022-11-22,spy,360,389,0.0701,close
2022-11-23,spy,30,150,-0.202,band
2022-11-23,spy,360,389,-0.0102,close
2022-11-30,spy,270,389,1.7352,close
2022-12-08,spy,30,120,-0.1434,band
2022-12-12,spy,360,389,0.1609,close
2022-12-14,spy,30,180,-0.0474,band
2022-12-21,spy,90,150,-0.303,band
2022-12-21,spy,210,240,-0.1784,band
2022-12-21,spy,300,330,-0.0853,band
2022-12-29,spy,30,389,0.3474,close
2023-01-06,spy,90,210,0.0171,band
2023-01-06,spy,240,389,0.4415,close
2023-01-09,spy,30,60,-0.0885,band
2023-01-09,spy,90,180,-0.0171,band
2023-01-20,spy,120,150,-0.1486,band
2023-01-20,spy,270,389,0.6005,close
2023-01-23,spy,30,330,0.2209,band
2023-01-23,spy,330,360,-0.0175,band
2023-01-23,spy,360,389,0.2177,close
2023-01-27,spy,330,389,-0.5048,close
2023-01-31,spy,60,360,0.2752,band
2023-02-01,spy,330,389,0.2602,close
2023-02-02,spy,90,120,0.0272,band
2023-02-02,spy,270,300,-0.6328,band
2023-02-07,spy,210,240,-1.4834,band
2023-02-07,spy,330,389,0.1723,close
2023-02-13,spy,30,389,0.5543,close
2023-03-02,spy,300,330,-0.0732,band
2023-03-02,spy,360,389,0.0128,close
2023-03-03,spy,30,90,0.1199,band
2023-03-03,spy,150,389,0.4996,close
2023-03-06,spy,30,120,0.2275,band
2023-03-06,spy,150,210,-0.2931,band
2023-03-09,spy,30,60,-0.1647,band
2023-03-13,spy,90,210,-0.3935,band
2023-03-13,spy,300,330,-0.1325,band
2023-03-14,spy,60,180,-0.1266,band
2023-03-16,spy,90,389,1.0856,close
2023-03-20,spy,60,150,-0.0298,band
2023-03-23,spy,60,210,-0.0885,band
2023-03-31,spy,30,60,-0.0301,band
2023-03-31,spy,150,389,0.4804,close
2023-04-03,spy,30,90,-0.3785,band
2023-04-06,spy,240,270,-0.0913,band
2023-04-13,spy,60,90,-0.1012,band
2023-04-13,spy,120,389,0.6195,close
2023-04-14,spy,30,60,-0.4418,band
2023-04-27,spy,60,90,-0.1771,band
2023-04-27,spy,120,389,0.8181,close
2023-04-28,spy,60,90,-0.5196,band
2023-04-28,spy,120,389,0.4026,close
2023-05-03,spy,30,60,-0.2603,band
2023-05-05,spy,30,389,0.5056,close
2023-05-17,spy,210,389,0.1143,close
2023-05-18,spy,60,180,-0.2378,band
2023-05-18,spy,330,389,0.4524,close
2023-05-26,spy,30,389,0.5345,close
2023-06-01,spy,90,389,0.5366,close
2023-06-02,spy,90,389,0.1676,close
2023-06-07,spy,30,60,-0.2251,band
2023-06-08,spy,120,150,-0.1135,band
2023-06-08,spy,180,270,-0.2429,band
2023-06-08,spy,300,389,0.0381,close
2023-06-09,spy,30,90,-0.0223,band
2023-06-12,spy,360,389,0.0892,close
2023-06-13,spy,240,270,-0.0823,band
2023-06-14,spy,120,150,-0.1767,band
2023-06-15,spy,30,389,0.8854,close
2023-06-26,spy,30,60,-0.1183,band
2023-06-27,spy,120,389,0.483,close
2023-06-29,spy,180,240,-0.0881,band
2023-06-30,spy,30,120,-0.0694,band
2023-06-30,spy,180,389,-0.0016,close
2023-07-07,spy,210,330,-0.2987,band
2023-07-13,spy,360,389,-0.1078,close
2023-07-17,spy,120,180,-0.06,band
2023-07-17,spy,210,240,-0.05,band
2023-07-17,spy,270,389,-0.0351,close
2023-07-18,spy,90,389,0.3677,close
2023-07-19,spy,30,60,-0.0597,band
2023-07-24,spy,120,210,-0.0466,band
2023-07-24,spy,240,300,-0.0288,band
2023-07-25,spy,150,389,-0.0191,close
2023-07-28,spy,90,240,-0.1461,band
2023-08-04,spy,180,240,-0.1993,band
2023-08-07,spy,60,90,-0.1079,band
2023-08-07,spy,270,300,-0.1332,band
2023-08-10,spy,30,90,-0.557,band
2023-08-10,spy,90,120,-0.1012,band
2023-08-14,spy,90,180,-0.1786,band
2023-08-14,spy,210,300,-0.1533,band
2023-08-21,spy,30,60,-0.4666,band
2023-08-23,spy,30,389,0.5434,close
2023-08-29,spy,30,389,0.9331,close
2023-08-30,spy,30,60,-0.4822,band
2023-09-08,spy,30,90,-0.0321,band
2023-09-22,spy,120,150,-0.2863,band
2023-09-25,spy,180,210,-0.246,band
2023-09-28,spy,30,60,-0.3699,band
2023-09-28,spy,90,389,0.2689,close
2023-10-04,spy,150,210,-0.0723,band
2023-10-04,spy,360,389,0.0095,close
2023-10-06,spy,150,389,0.0788,close
2023-10-09,spy,270,360,-0.0388,band
2023-10-10,spy,30,240,0.264,band
2023-10-10,spy,240,270,-0.0584,band
2023-10-13,spy,30,60,-0.2377,band
2023-10-16,spy,60,150,-0.1213,band
2023-10-23,spy,210,240,-0.4216,band
2023-10-24,spy,30,90,-0.0235,band
2023-10-30,spy,30,60,-0.498,band
2023-11-01,spy,60,120,-0.2488,band
2023-11-01,spy,360,389,-0.0944,close
2023-11-02,spy,30,389,0.6823,close
2023-11-03,spy,30,60,-0.1976,band
2023-11-03,spy,150,240,0.0106,band
2023-11-03,spy,270,360,-0.1084,band
2023-11-07,spy,90,150,-0.1361,band
2023-11-10,spy,210,389,0.3998,close
2023-11-14,spy,30,180,-0.03,band
2023-11-14,spy,180,270,-0.0726,band
2023-11-14,spy,330,389,-0.2001,close
2023-11-16,spy,30,60,-0.1376,band
2023-11-20,spy,30,389,0.4621,close
2023-11-28,spy,120,180,-0.2101,band
2023-11-29,spy,30,60,-0.4207,band
2023-12-01,spy,150,389,0.116,close
2023-12-07,spy,60,120,-0.2135,band
2023-12-07,spy,150,330,-0.0662,band
2023-12-08,spy,60,120,-0.2683,band
2023-12-08,spy,270,389,0.0928,close
2023-12-11,spy,270,330,-0.0817,band
2023-12-12,spy,270,300,-0.0075,band
2023-12-12,spy,330,389,0.0829,close
2023-12-13,spy,300,389,0.5693,close
2023-12-14,spy,30,60,-0.2228,band
2023-12-18,spy,60,90,-0.1766,band
2023-12-18,spy,180,300,-0.1098,band
2023-12-19,spy,30,180,0.1248,band
2023-12-19,spy,210,300,0.0106,band
2023-12-22,spy,30,90,-0.2242,band
2023-12-26,spy,30,60,0.04,band
2023-12-26,spy,150,180,-0.0128,band
2023-12-26,spy,360,389,-0.1701,close
2024-01-04,spy,60,180,-0.1038,band
2024-01-05,spy,30,120,0.0837,band
2024-01-05,spy,120,150,-0.1816,band
2024-01-05,spy,150,180,-0.3546,band
2024-01-08,spy,30,389,1.0083,close
2024-01-10,spy,90,120,-0.1199,band
2024-01-10,spy,210,240,-0.0168,band
2024-01-10,spy,270,389,0.1302,close
2024-01-18,spy,300,389,0.086,close
2024-01-19,spy,180,389,0.6044,close
2024-01-22,spy,30,60,-0.244,band
2024-01-29,spy,360,389,-0.0156,close
2024-02-01,spy,60,90,-0.4289,band
2024-02-01,spy,150,389,0.6575,close
2024-02-02,spy,30,389,0.7098,close
2024-02-07,spy,60,120,-0.1705,band
2024-02-07,spy,150,180,-0.1244,band
2024-02-07,spy,210,300,0.1047,band
2024-02-07,spy,330,360,-0.0773,band
2024-02-09,spy,30,60,-0.009,band
2024-02-09,spy,90,150,-0.096,band
2024-02-09,spy,180,389,0.1738,close
2024-02-12,spy,120,270,-0.2159,band
2024-02-14,spy,60,90,-0.4798,band
2024-02-15,spy,180,210,-0.1301,band
2024-02-15,spy,240,389,0.0298,close
2024-02-22,spy,30,90,-0.1093,band
2024-02-22,spy,120,150,-0.1379,band
2024-02-22,spy,180,389,0.2494,close
2024-03-01,spy,60,389,0.4832,close
2024-03-07,spy,60,360,0.101,band
2024-03-08,spy,30,120,-0.6307,band
2024-03-12,spy,60,210,-0.199,band
2024-03-12,spy,270,389,0.1985,close
2024-03-18,spy,60,90,-0.0633,band
2024-03-19,spy,210,360,-0.1104,band
2024-03-20,spy,300,389,0.5337,close
2024-04-03,spy,60,330,-0.1725,band
2024-04-05,spy,30,389,0.4347,close
2024-04-11,spy,240,389,0.0382,close
2024-04-22,spy,270,360,-0.2015,band
2024-04-23,spy,30,360,0.4101,band
2024-04-26,spy,30,120,0.0053,band
2024-04-26,spy,150,300,0.0859,band
2024-05-01,spy,330,389,-1.5184,close
2024-05-09,spy,90,150,-0.1728,band
2024-05-09,spy,210,300,0.0295,band
2024-05-14,spy,60,90,-0.128,band
2024-05-14,spy,330,389,-0.0409,close
2024-05-15,spy,90,389,0.4378,close
2024-05-16,spy,90,120,-0.1124,band
2024-05-20,spy,30,180,-0.0805,band
2024-05-20,spy,180,240,-0.1313,band
2024-05-24,spy,120,300,-0.1207,band
2024-06-05,spy,210,389,0.3532,close
2024-06-07,spy,210,270,-0.2152,band
2024-06-12,spy,30,150,-0.0234,band
2024-06-17,spy,180,389,0.29,close
2024-06-24,spy,30,180,-0.0088,band
2024-06-27,spy,60,90,-0.179,band
2024-06-28,spy,30,90,-0.0509,band
2024-06-28,spy,90,120,-0.1639,band
2024-07-02,spy,240,389,0.4063,close
2024-07-05,spy,30,60,-0.1467,band
2024-07-05,spy,120,389,0.2582,close
2024-07-10,spy,180,389,0.409,close
2024-07-12,spy,30,389,0.0672,close
2024-07-15,spy,90,180,-0.2437,band
2024-07-23,spy,30,90,-0.1227,band
2024-07-25,spy,90,120,0.0328,band
2024-07-25,spy,150,300,-0.1613,band
2024-07-26,spy,60,90,0.0428,band
2024-07-26,spy,150,300,-0.0987,band
2024-07-31,spy,60,90,-0.0491,band
2024-07-31,spy,330,360,-0.7176,band
2024-08-01,spy,30,60,-0.6504,band
2024-08-06,spy,30,389,0.0789,close
2024-08-07,spy,30,60,-0.5469,band
2024-08-08,spy,60,210,-0.0173,band
2024-08-08,spy,240,389,0.0694,close
2024-08-13,spy,210,240,-0.0372,band
2024-08-13,spy,330,389,0.068,close
2024-08-23,spy,60,90,-0.5587,band
2024-08-29,spy,60,240,0.0721,band
2024-08-30,spy,30,60,-0.1645,band
2024-09-04,spy,90,120,-0.4857,band
2024-09-05,spy,30,90,-0.5301,band
2024-09-09,spy,210,240,-0.1404,band
2024-09-11,spy,330,389,0.4784,close
2024-09-12,spy,270,389,-0.0561,close
2024-09-13,spy,30,60,-0.0899,band
2024-09-13,spy,150,180,-0.2655,band
2024-09-13,spy,240,270,-0.2727,band
2024-10-08,spy,90,120,-0.0522,band
2024-10-08,spy,150,240,-0.2129,band
2024-10-08,spy,270,389,0.189,close
2024-10-09,spy,90,389,0.2797,close
2024-10-11,spy,30,180,0.2345,band
2024-10-11,spy,180,389,0.1086,close
2024-10-14,spy,30,120,-0.1377,band
2024-10-14,spy,150,389,0.0868,close
2024-10-16,spy,300,389,-0.1052,close
2024-10-25,spy,30,120,-0.2061,band
2024-11-01,spy,30,150,0.0786,band
2024-11-01,spy,150,180,-0.0923,band
2024-11-01,spy,180,210,-0.1045,band
2024-11-01,spy,240,270,-0.345,band
2024-11-05,spy,30,389,0.4267,close
2024-11-07,spy,90,120,-0.0837,band
2024-11-07,spy,150,240,-0.1341,band
2024-11-07,spy,330,389,-0.0534,close
2024-11-08,spy,210,360,-0.0199,band
2024-11-18,spy,90,150,-0.0111,band
2024-11-18,spy,210,240,-0.13,band
2024-11-19,spy,270,300,-0.1381,band
2024-11-22,spy,30,60,-0.2557,band
2024-11-22,spy,90,120,-0.2833,band
2024-12-06,spy,30,60,-0.0367,band
2024-12-11,spy,120,389,-0.0351,close
2024-12-16,spy,240,360,-0.0762,band
2024-12-18,spy,30,240,0.0939,band
2024-12-18,spy,270,300,-0.7998,band
2024-12-20,spy,90,389,0.3523,close
2024-12-23,spy,240,330,-0.1444,band
2025-01-02,spy,30,60,-0.543,band
2025-01-03,spy,120,180,0.0058,band
2025-01-03,spy,240,389,0.0225,close
2025-01-06,spy,30,180,0.0704,band
2025-01-15,spy,30,60,-0.0062,band
2025-01-28,spy,60,120,-0.1976,band
2025-01-28,spy,180,389,0.0759,close
2025-01-31,spy,60,120,-0.0367,band
2025-02-04,spy,30,180,0.0267,band
2025-02-04,spy,180,389,0.2733,close
2025-02-13,spy,90,150,-0.236,band
2025-02-13,spy,270,389,0.3617,close
2025-02-26,spy,30,150,0.0403,band
2025-02-26,spy,180,210,-0.5517,band
2025-02-28,spy,60,120,-0.4223,band
2025-02-28,spy,360,389,0.7999,close
2025-03-05,spy,210,240,-0.3344,band
2025-03-05,spy,270,389,0.292,close
2025-03-07,spy,300,330,-0.3658,band
2025-03-14,spy,30,60,0.0606,band
2025-03-14,spy,90,389,0.3989,close
2025-03-17,spy,30,60,-0.2715,band
2025-03-17,spy,270,389,-0.1615,close
2025-03-19,spy,330,360,-0.2175,band
2025-03-20,spy,60,90,-0.1102,band
2025-04-02,spy,210,270,-0.4003,band
2025-04-09,spy,30,60,-0.6123,band
2025-04-09,spy,240,389,3.3573,close
2025-04-11,spy,210,240,-0.2545,band
2025-04-11,spy,270,300,-0.2309,band
2025-04-22,spy,90,240,-0.4942,band
2025-04-23,spy,30,60,0.1755,band
2025-04-24,spy,60,240,0.5721,band
2025-05-01,spy,90,120,-0.064,band
2025-05-08,spy,150,180,-0.0504,band
2025-05-08,spy,210,270,-0.4046,band
2025-05-13,spy,60,389,-0.0604,close
2025-05-15,spy,210,300,-0.0925,band
2025-05-22,spy,30,60,-0.2418,band
2025-05-22,spy,270,300,-0.0349,band
2025-05-22,spy,330,389,-0.5296,close
2025-05-27,spy,60,389,0.47,close
2025-06-03,spy,90,389,0.2349,close
2025-06-06,spy,30,60,-0.2099,band
2025-06-12,spy,90,120,-0.0881,band
2025-06-16,spy,30,180,-0.0657,band
2025-06-16,spy,180,210,-0.0889,band
2025-06-16,spy,240,270,-0.2586,band
2025-06-18,spy,60,150,-0.2386,band
2025-06-23,spy,30,90,-0.0819,band
2025-06-23,spy,120,150,-0.1841,band
2025-06-23,spy,240,389,0.2808,close
2025-06-24,spy,120,150,-0.0268,band
2025-06-24,spy,180,389,-0.0087,close
2025-06-26,spy,90,120,-0.1129,band
2025-06-26,spy,150,360,0.1237,band
2025-06-27,spy,30,270,-0.209,band
2025-07-02,spy,150,180,-0.0593,band
2025-07-02,spy,210,240,-0.0335,band
2025-07-09,spy,30,60,-0.2913,band
2025-07-10,spy,150,180,-0.0528,band
2025-07-10,spy,270,330,-0.0799,band
2025-07-17,spy,30,60,-0.0879,band
2025-07-17,spy,90,389,0.281,close
2025-07-21,spy,30,330,-0.1319,band
2025-07-25,spy,180,389,-0.0086,close
2025-08-04,spy,30,389,0.2571,close
2025-08-06,spy,120,389,0.0407,close
2025-08-08,spy,30,90,-0.0628,band
2025-08-08,spy,150,240,0.004,band
2025-08-08,spy,270,389,-0.0886,close
2025-08-12,spy,150,389,0.2103,close
2025-08-22,spy,60,389,0.0569,close
2025-09-04,spy,120,150,-0.0191,band
2025-09-04,spy,240,389,0.3109,close
2025-09-11,spy,30,389,0.2848,close
2025-09-15,spy,30,60,-0.0037,band
2025-09-18,spy,60,90,-0.3017,band
2025-09-18,spy,210,240,-0.1454,band
2025-09-22,spy,180,389,0.0906,close
2025-09-26,spy,30,60,-0.5926,band
2025-09-26,spy,210,389,0.0432,close
2025-10-01,spy,240,389,0.0618,close
2025-10-03,spy,30,240,-0.0624,band
2025-10-08,spy,60,330,0.0119,band
2025-10-08,spy,360,389,-0.0177,close
2025-10-13,spy,30,60,-0.4319,band
2025-10-13,spy,180,240,-0.0792,band
2025-10-13,spy,300,330,-0.3603,band
2025-10-15,spy,30,120,-0.1895,band
2025-10-17,spy,60,90,-0.3933,band
2025-10-17,spy,300,389,-0.1092,close
2025-10-20,spy,30,389,0.2992,close
2025-10-23,spy,30,60,-0.1057,band
2025-10-23,spy,90,120,-0.04,band
2025-10-23,spy,270,300,-0.0236,band
2025-10-23,spy,330,389,-0.1864,close
2025-11-05,spy,30,389,0.0286,close
2025-11-10,spy,270,389,0.1364,close
2025-11-14,spy,150,210,-0.1601,band
2025-11-19,spy,30,90,-0.4236,band
2025-11-21,spy,150,240,-0.2522,band
2025-11-21,spy,270,389,-0.604,close
2025-11-24,spy,60,389,0.4783,close
2025-11-25,spy,240,270,-0.0637,band
2025-11-25,spy,360,389,0.0178,close
2025-12-05,spy,60,90,-0.1897,band
2025-12-10,spy,330,389,-0.0167,close
2025-12-18,spy,90,120,-0.0554,band
2025-12-19,spy,30,90,-0.2191,band
2025-12-19,spy,90,389,0.2192,close
2025-12-23,spy,270,300,-0.0035,band
2026-01-05,spy,60,90,-0.0969,band
2026-01-06,spy,30,90,-0.2167,band
2026-01-06,spy,180,389,0.141,close
2026-01-09,spy,60,90,-0.1684,band
2026-01-09,spy,120,389,0.1129,close
2026-01-21,spy,30,150,-0.3577,band
2026-01-21,spy,300,389,-0.0415,close
2026-01-26,spy,30,389,0.0351,close
2026-01-27,spy,120,210,-0.1735,band
2026-02-02,spy,60,389,0.104,close
2026-02-06,spy,30,389,0.7933,close
2026-02-09,spy,90,389,-0.1134,close
2026-02-18,spy,30,150,0.1027,band
2026-02-20,spy,90,120,-0.3566,band
2026-02-20,spy,150,180,-0.4596,band
2026-02-20,spy,270,300,-0.1168,band
2026-02-24,spy,60,90,-0.1834,band
2026-02-24,spy,120,300,0.151,band
2026-02-24,spy,330,360,-0.1353,band
2026-03-04,spy,60,150,-0.0298,band
2026-03-04,spy,210,389,-0.2235,close
2026-03-09,spy,360,389,0.2942,close
2026-03-10,spy,240,270,-0.1674,band
2026-03-16,spy,30,60,-0.1369,band
2026-03-23,spy,30,150,-0.6336,band
2026-03-31,spy,30,90,-0.5999,band
2026-03-31,spy,180,389,1.2485,close
2026-04-01,spy,90,270,-0.04,band
2026-04-06,spy,30,90,-0.1554,band
2026-04-09,spy,150,300,-0.0893,band
2026-04-14,spy,60,389,0.4584,close
2026-04-17,spy,60,240,0.0854,band
2026-04-17,spy,270,300,-0.0555,band
2026-04-24,spy,150,180,-0.0722,band
2026-04-24,spy,210,240,-0.1366,band
2026-04-24,spy,270,300,-0.1016,band
2026-04-24,spy,360,389,0.0132,close
2026-04-30,spy,300,389,0.0059,close
2026-05-01,spy,30,90,-0.2594,band
2026-05-01,spy,120,180,-0.2017,band
2026-05-05,spy,60,90,-0.0552,band
2026-05-05,spy,120,150,-0.0752,band
2026-05-05,spy,240,389,-0.0614,close
2026-05-06,spy,30,389,0.5024,close
2026-05-08,spy,30,330,-0.0061,band
2026-05-11,spy,90,210,-0.0411,band
2026-05-11,spy,270,330,-0.2844,band
2026-05-13,spy,180,389,0.0353,close
2026-05-14,spy,60,240,0.1208,band
2026-05-14,spy,240,389,0.0938,close
2026-05-20,spy,60,389,0.3376,close
2026-05-22,spy,30,60,-0.1612,band
2026-05-26,spy,60,90,-0.0859,band
2026-05-28,spy,60,389,0.1897,close
2026-05-29,spy,30,60,-0.1983,band
2026-06-01,spy,270,389,-0.1821,close
2026-06-04,spy,180,389,0.0657,close
2026-06-08,spy,90,120,-0.3594,band
2026-06-11,spy,240,389,0.4913,close
2026-06-12,spy,120,150,-0.6622,band
2026-06-15,spy,60,270,0.2002,band
2026-06-22,spy,30,60,-0.5667,band
2026-06-24,spy,90,180,-0.2792,band
2026-06-29,spy,270,360,0.0221,band
2026-06-30,spy,30,90,0.0239,band
2026-06-30,spy,120,389,0.1183,close
2026-07-01,spy,120,150,-0.066,band
2026-07-01,spy,180,210,-0.2068,band
2026-07-02,spy,30,60,-0.3183,band
2026-07-06,spy,330,360,0.0112,band
2026-07-09,spy,180,360,-0.0134,band
2026-07-21,spy,180,210,-0.0333,band
2026-07-24,spy,90,300,-0.291,band
2026-07-28,spy,150,180,-0.2245,band
2026-07-28,spy,210,240,-0.2284,band
2026-07-30,spy,30,90,-0.4791,band
2026-07-30,spy,180,389,0.3959,close
2026-08-03,spy,30,389,0.5272,close
2026-08-04,spy,30,389,0.9813,close
2026-08-13,spy,30,120,-0.2771,band
2026-08-26,spy,30,60,-0.2538,band
2026-08-27,spy,90,300,-0.1568,band
2026-08-28,spy,90,150,-0.5893,band
2026-09-02,spy,60,389,-0.0439,close
2026-09-03,spy,30,60,-0.0133,band
2026-09-03,spy,120,389,-0.0361,close
2026-09-11,spy,30,60,-0.0981,band
2026-09-21,spy,30,389,0.7322,close
2026-09-25,spy,180,210,-0.1749,band
2026-09-25,spy,240,330,-0.1152,band
