date,side,retPct
2016-01-05,spy,0.2883
2016-01-06,spy,-1.4196
2016-01-07,spy,-1.8553
2016-01-08,spy,0.6762
2016-01-11,spy,0.6528
2016-01-12,spy,0.8083
2016-01-13,spy,0.5073
2016-01-14,spy,0.2035
2016-01-15,spy,-2.5092
2016-01-19,spy,1.1822
2016-01-20,spy,-1.4435
2016-01-21,spy,-0.0185
2016-01-22,spy,1.6414
2016-01-25,spy,-0.3076
2016-01-26,spy,0.4181
2016-01-27,spy,-0.3816
2016-01-28,spy,0.8793
2016-01-29,spy,0.3828
2016-02-01,spy,-0.7367
2016-02-02,spy,-1.0309
2016-02-03,spy,0.5804
2016-02-04,spy,-0.0246
2016-02-05,spy,-0.3948
2016-02-08,spy,-1.3164
2016-02-09,spy,-1.0268
2016-02-10,spy,0.5963
2016-02-11,spy,-1.4696
2016-02-12,spy,0.9211
2016-02-16,spy,1.1329
2016-02-17,spy,0.7607
2016-02-18,spy,0.0222
2016-02-19,spy,-0.3679
2016-02-22,spy,0.9595
2016-02-23,spy,-0.4199
2016-02-24,spy,-1.0662
2016-02-25,spy,0.3791
2016-02-26,spy,0.4762
2016-02-29,spy,-0.0297
2016-03-01,spy,0.797
2016-03-02,spy,-0.2468
2016-03-03,spy,-0.2258
2016-03-04,spy,0.0976
2016-03-07,spy,-0.4989
2016-03-08,spy,-0.7127
2016-03-09,spy,0.4287
2016-03-10,spy,0.2633
2016-03-11,spy,0.8317
2016-03-14,spy,-0.3017
2016-03-15,spy,-0.5805
2016-03-16,spy,-0.1933
2016-03-17,spy,-0.1334
2016-03-18,spy,-0.2793
2016-03-21,spy,-0.1476
2016-03-22,spy,-0.4844
2016-03-23,spy,-0.3576
2016-03-24,spy,-0.7236
2016-03-28,spy,0.2306
2016-03-29,spy,-0.3203
2016-03-30,spy,0.4716
2016-03-31,spy,-0.0885
2016-04-01,spy,-0.6114
2016-04-04,spy,-0.1173
2016-04-05,spy,-0.733
2016-04-06,spy,0.102
2016-04-07,spy,-0.6453
2016-04-08,spy,0.5727
2016-04-11,spy,0.3657
2016-04-12,spy,0.1413
2016-04-13,spy,0.4939
2016-04-14,spy,0.0129
2016-04-15,spy,-0.0015
2016-04-18,spy,-0.3839
2016-04-19,spy,0.1463
2016-04-20,spy,0.041
2016-04-21,spy,-0.0305
2016-04-22,spy,-0.1117
2016-04-25,spy,-0.37
2016-04-26,spy,0.1278
2016-04-27,spy,-0.1404
2016-04-28,spy,-0.5605
2016-04-29,spy,-0.3724
2016-05-02,spy,0.1683
2016-05-03,spy,-0.7129
2016-05-04,spy,-0.5346
2016-05-05,spy,0.2892
2016-05-06,spy,-0.435
2016-05-09,spy,-0.0886
2016-05-10,spy,0.3581
2016-05-11,spy,-0.2522
2016-05-12,spy,0.3524
2016-05-13,spy,-0.1803
2016-05-16,spy,0.1377
2016-05-17,spy,-0.2324
2016-05-18,spy,-0.2742
2016-05-19,spy,-0.4204
2016-05-20,spy,0.3663
2016-05-23,spy,-0.0244
2016-05-24,spy,0.5106
2016-05-25,spy,0.3976
2016-05-26,spy,0.1607
2016-05-27,spy,0.062
2016-05-31,spy,0.0932
2016-06-01,spy,-0.421
2016-06-02,spy,-0.2444
2016-06-03,spy,-0.3196
2016-06-06,spy,0.1169
2016-06-07,spy,0.0688
2016-06-08,spy,0.0497
2016-06-09,spy,-0.426
2016-06-10,spy,-0.7331
2016-06-13,spy,-0.2827
2016-06-14,spy,-0.1647
2016-06-15,spy,0.1906
2016-06-16,spy,-0.5404
2016-06-17,spy,-0.7978
2016-06-20,spy,1.1745
2016-06-21,spy,0.2293
2016-06-22,spy,0.1183
2016-06-23,spy,0.8455
2016-06-24,spy,-3.2735
2016-06-27,spy,-1.0877
2016-06-28,spy,0.9016
2016-06-29,spy,0.9034
2016-06-30,spy,0.1873
2016-07-01,spy,-0.0638
2016-07-05,spy,-0.4211
2016-07-06,spy,-0.251
2016-07-07,spy,0.1004
2016-07-08,spy,0.647
2016-07-11,spy,0.3314
2016-07-12,spy,0.5197
2016-07-13,spy,0.146
2016-07-14,spy,0.6623
2016-07-15,spy,0.2515
2016-07-18,spy,0.0526
2016-07-19,spy,-0.307
2016-07-20,spy,0.1912
2016-07-21,spy,-0.0722
2016-07-22,spy,-0.003
2016-07-25,spy,-0.1688
2016-07-26,spy,-0.0677
2016-07-27,spy,0.1722
2016-07-28,spy,-0.1323
2016-07-29,spy,-0.0833
2016-08-01,spy,-0.0055
2016-08-02,spy,-0.2612
2016-08-03,spy,-0.0817
2016-08-04,spy,0.0294
2016-08-05,spy,0.3064
2016-08-08,spy,0.0471
2016-08-09,spy,0.015
2016-08-10,spy,0.0333
2016-08-11,spy,0.293
2016-08-12,spy,-0.2571
2016-08-15,spy,0.2025
2016-08-16,spy,-0.2835
2016-08-17,spy,-0.095
2016-08-18,spy,0.047
2016-08-19,spy,-0.3551
2016-08-22,spy,-0.287
2016-08-23,spy,0.3717
2016-08-24,spy,-0.1359
2016-08-25,spy,-0.2327
2016-08-26,spy,0.2034
2016-08-29,spy,0.1625
2016-08-30,spy,0.0104
2016-08-31,spy,-0.2372
2016-09-01,spy,0.0014
2016-09-02,spy,0.4933
2016-09-06,spy,0.1065
2016-09-07,spy,-0.1678
2016-09-08,spy,-0.2681
2016-09-09,spy,-0.7627
2016-09-12,spy,-0.4243
2016-09-13,spy,-0.7839
2016-09-14,spy,0.0702
2016-09-15,spy,0.0303
2016-09-16,spy,-0.9965
2016-09-19,spy,0.3676
2016-09-20,spy,0.3816
2016-09-21,spy,0.4377
2016-09-22,spy,0.5668
2016-09-23,spy,-0.2471
2016-09-26,spy,-0.5306
2016-09-27,spy,-0.2276
2016-09-28,spy,0.1501
2016-09-29,spy,-0.123
2016-09-30,spy,0.5833
2016-10-03,spy,-0.391
2016-10-04,spy,0.1547
2016-10-05,spy,0.3371
2016-10-06,spy,-0.1837
2016-10-07,spy,0.0248
2016-10-10,spy,0.5131
2016-10-11,spy,-0.336
2016-10-12,spy,0.063
2016-10-13,spy,-0.8066
2016-10-14,spy,0.584
2016-10-17,spy,0.0257
2016-10-18,spy,0.7601
2016-10-19,spy,0.077
2016-10-20,spy,-0.2929
2016-10-21,spy,-0.4325
2016-10-24,spy,0.495
2016-10-25,spy,-0.1465
2016-10-26,spy,-0.4974
2016-10-27,spy,0.3154
2016-10-28,spy,-0.1713
2016-10-31,spy,0.0964
2016-11-01,spy,0.1246
2016-11-02,spy,-0.2342
2016-11-03,spy,0.022
2016-11-04,spy,-0.1309
2016-11-07,spy,1.3701
2016-11-08,spy,-0.237
2016-11-09,spy,-0.2081
2016-11-10,spy,0.4081
2016-11-11,spy,-0.2382
2016-11-14,spy,0.2186
2016-11-15,spy,0.177
2016-11-16,spy,-0.3148
2016-11-17,spy,-0.0001
2016-11-18,spy,0.0102
2016-11-21,spy,0.3488
2016-11-22,spy,0.1598
2016-11-23,spy,-0.2848
2016-11-29,spy,-0.0445
2016-11-30,spy,0.2586
2016-12-01,spy,0.0689
2016-12-02,spy,-0.0309
2016-12-05,spy,0.3969
2016-12-06,spy,0.0324
2016-12-07,spy,-0.1437
2016-12-08,spy,-0.0845
2016-12-09,spy,0.0843
2016-12-12,spy,-0.0665
2016-12-13,spy,0.3223
2016-12-14,spy,-0.1234
2016-12-15,spy,0.0529
2016-12-16,spy,-0.4147
2016-12-19,spy,0.0444
2016-12-20,spy,0.226
2016-12-21,spy,-0.0974
2016-12-22,spy,-0.2259
2016-12-23,spy,-0.0526
2016-12-27,spy,0.1195
2016-12-28,spy,0.0616
2016-12-29,spy,0.0624
2016-12-30,spy,0.136
2017-01-03,spy,0.5368
2017-01-04,spy,0.3151
2017-01-05,spy,-0.2077
2017-01-06,spy,-0.0356
2017-01-09,spy,-0.2159
2017-01-10,spy,-0.1238
2017-01-11,spy,-0.0665
2017-01-12,spy,-0.3438
2017-01-13,spy,0.1188
2017-01-17,spy,-0.313
2017-01-18,spy,0.0484
2017-01-19,spy,0.0217
2017-01-20,spy,0.3891
2017-01-23,spy,-0.234
2017-01-24,spy,0.0305
2017-01-25,spy,0.3992
2017-01-26,spy,-0.0684
2017-01-27,spy,-0.0226
2017-01-30,spy,-0.4634
2017-01-31,spy,-0.2376
2017-02-01,spy,0.3165
2017-02-02,spy,-0.2837
2017-02-03,spy,0.4033
2017-02-06,spy,-0.223
2017-02-07,spy,0.1346
2017-02-08,spy,-0.2583
2017-02-09,spy,0.1017
2017-02-10,spy,0.1638
2017-02-13,spy,0.245
2017-02-14,spy,-0.1302
2017-02-15,spy,-0.1169
2017-02-16,spy,-0.0059
2017-02-17,spy,-0.3253
2017-02-21,spy,0.2067
2017-02-22,spy,-0.1964
2017-02-23,spy,0.1757
2017-02-24,spy,-0.414
2017-02-27,spy,-0.0738
2017-02-28,spy,-0.1875
2017-03-01,spy,0.7968
2017-03-02,spy,-0.1984
2017-03-03,spy,-0.0903
2017-03-06,spy,-0.4256
2017-03-07,spy,-0.246
2017-03-08,spy,0.0148
2017-03-09,spy,-0.0146
2017-03-10,spy,0.4116
2017-03-13,spy,0.0189
2017-03-14,spy,-0.3553
2017-03-15,spy,0.171
2017-03-16,spy,0.0019
2017-03-17,spy,-0.3815
2017-03-20,spy,-0.1117
2017-03-21,spy,0.2133
2017-03-22,spy,-0.1768
2017-03-23,spy,-0.2235
2017-03-24,spy,0.1565
2017-03-27,spy,-0.8862
2017-03-28,spy,-0.0956
2017-03-29,spy,-0.1717
2017-03-30,spy,-0.057
2017-03-31,spy,-0.2346
2017-04-03,spy,0.0448
2017-04-04,spy,-0.1759
2017-04-05,spy,0.2825
2017-04-06,spy,-0.0059
2017-04-07,spy,-0.1248
2017-04-10,spy,0.0918
2017-04-11,spy,-0.2057
2017-04-12,spy,-0.2912
2017-04-13,spy,-0.2748
2017-04-17,spy,0.248
2017-04-18,spy,-0.4491
2017-04-19,spy,0.3426
2017-04-20,spy,0.3025
2017-04-21,spy,-0.0549
2017-04-24,spy,1.0381
2017-04-25,spy,0.2677
2017-04-26,spy,-0.0232
2017-04-27,spy,0.0271
2017-04-28,spy,0.0312
2017-05-01,spy,0.1825
2017-05-02,spy,0.0563
2017-05-03,spy,-0.2577
2017-05-04,spy,0.1025
2017-05-05,spy,0.1568
2017-05-08,spy,0.0267
2017-05-09,spy,0.0593
2017-05-10,spy,-0.0901
2017-05-11,spy,-0.2442
2017-05-12,spy,-0.1694
2017-05-15,spy,0.1984
2017-05-16,spy,0.0536
2017-05-17,spy,-0.8164
2017-05-18,spy,-0.1714
2017-05-19,spy,0.2641
2017-05-22,spy,0.262
2017-05-23,spy,0.0852
2017-05-24,spy,0.0545
2017-05-25,spy,0.1387
2017-05-26,spy,-0.102
2017-05-30,spy,-0.2343
2017-05-31,spy,0.1074
2017-06-01,spy,0.167
2017-06-02,spy,0.0319
2017-06-05,spy,-0.1014
2017-06-06,spy,-0.3452
2017-06-07,spy,0.0915
2017-06-08,spy,0.0298
2017-06-09,spy,0.1732
2017-06-12,spy,-0.1426
2017-06-13,spy,0.2311
2017-06-14,spy,0.0132
2017-06-15,spy,-0.6211
2017-06-16,spy,-0.5772
2017-06-19,spy,0.3638
2017-06-20,spy,-0.2852
2017-06-21,spy,0.0916
2017-06-22,spy,-0.04
2017-06-23,spy,-0.0235
2017-06-26,spy,0.293
2017-06-27,spy,-0.2208
2017-06-28,spy,0.4736
2017-06-29,spy,0.0319
2017-06-30,spy,0.3865
2017-07-06,spy,-0.3941
2017-07-07,spy,0.2384
2017-07-10,spy,-0.1102
2017-07-11,spy,-0.1019
2017-07-12,spy,0.5214
2017-07-13,spy,-0.0441
2017-07-14,spy,-0.0727
2017-07-17,spy,-0.0807
2017-07-18,spy,-0.2599
2017-07-19,spy,0.135
2017-07-20,spy,0.0936
2017-07-21,spy,-0.2423
2017-07-24,spy,-0.0926
2017-07-25,spy,0.2962
2017-07-26,spy,0.0509
2017-07-27,spy,0.1095
2017-07-28,spy,-0.2786
2017-07-31,spy,0.1665
2017-08-01,spy,0.2152
2017-08-02,spy,0.0049
2017-08-03,spy,-0.0929
2017-08-04,spy,0.1628
2017-08-07,spy,-0.0157
2017-08-08,spy,-0.1811
2017-08-09,spy,-0.4163
2017-08-10,spy,-0.4403
2017-08-11,spy,0.1076
2017-08-14,spy,0.6305
2017-08-15,spy,0.0817
2017-08-16,spy,0.1749
2017-08-17,spy,-0.3153
2017-08-18,spy,-0.1798
2017-08-21,spy,-0.0647
2017-08-22,spy,0.2954
2017-08-23,spy,-0.4229
2017-08-24,spy,0.1243
2017-08-25,spy,0.3164
2017-08-28,spy,0.1889
2017-08-29,spy,-0.5999
2017-08-30,spy,-0.0441
2017-08-31,spy,0.1987
2017-09-01,spy,0.1939
2017-09-05,spy,-0.2255
2017-09-06,spy,0.2849
2017-09-07,spy,0.0774
2017-09-08,spy,-0.2546
2017-09-11,spy,0.6168
2017-09-12,spy,0.1365
2017-09-13,spy,-0.2039
2017-09-14,spy,-0.1678
2017-09-15,spy,-0.5636
2017-09-18,spy,0.0763
2017-09-19,spy,0.0861
2017-09-20,spy,0.004
2017-09-21,spy,-0.1239
2017-09-22,spy,-0.1442
2017-09-25,spy,-0.1181
2017-09-26,spy,0.1367
2017-09-27,spy,0.3212
2017-09-28,spy,-0.084
2017-09-29,spy,-0.056
2017-10-02,spy,0.0476
2017-10-03,spy,0.0155
2017-10-04,spy,-0.1191
2017-10-05,spy,0.0666
2017-10-06,spy,-0.1957
2017-10-09,spy,0.0346
2017-10-10,spy,0.208
2017-10-11,spy,-0.0635
2017-10-12,spy,-0.1537
2017-10-13,spy,0.1445
2017-10-16,spy,0.1247
2017-10-17,spy,-0.0419
2017-10-18,spy,0.1361
2017-10-19,spy,-0.3567
2017-10-20,spy,0.214
2017-10-23,spy,0.0397
2017-10-24,spy,0.1317
2017-10-25,spy,-0.1491
2017-10-26,spy,0.192
2017-10-27,spy,0.2807
2017-10-30,spy,-0.2805
2017-10-31,spy,0.0807
2017-11-01,spy,0.2866
2017-11-02,spy,-0.0633
2017-11-03,spy,0.026
2017-11-06,spy,-0.1212
2017-11-07,spy,-0.0052
2017-11-08,spy,-0.1095
2017-11-09,spy,-0.5299
2017-11-10,spy,-0.1832
2017-11-13,spy,-0.2879
2017-11-14,spy,-0.3805
2017-11-15,spy,-0.5597
2017-11-16,spy,0.4473
2017-11-17,spy,-0.212
2017-11-20,spy,-0.0245
2017-11-21,spy,0.3277
2017-11-22,spy,-0.0189
2017-11-28,spy,0.1597
2017-11-29,spy,0.0475
2017-11-30,spy,0.3975
2017-12-01,spy,-0.006
2017-12-04,spy,0.6896
2017-12-05,spy,0.0395
2017-12-06,spy,-0.097
2017-12-07,spy,-0.1235
2017-12-08,spy,0.2987
2017-12-11,spy,0.0428
2017-12-12,spy,0.0557
2017-12-13,spy,0.0931
2017-12-14,spy,0.0874
2017-12-15,spy,-0.0475
2017-12-18,spy,0.5263
2017-12-19,spy,0.0457
2017-12-20,spy,0.2742
2017-12-21,spy,0.2052
2017-12-22,spy,-0.0325
2017-12-26,spy,-0.1708
2017-12-27,spy,0.0348
2017-12-28,spy,0.1395
2017-12-29,spy,0.1578
2018-01-02,spy,0.2371
2018-01-03,spy,0.0493
2018-01-04,spy,0.2298
2018-01-05,spy,0.2765
2018-01-08,spy,-0.0436
2018-01-09,spy,0.1607
2018-01-10,spy,-0.3349
2018-01-11,spy,0.1752
2018-01-12,spy,0.0541
2018-01-16,spy,0.5391
2018-01-17,spy,0.3245
2018-01-18,spy,-0.1294
2018-01-19,spy,0.182
2018-01-22,spy,-0.0739
2018-01-23,spy,-0.0295
2018-01-24,spy,0.2085
2018-01-25,spy,0.2742
2018-01-26,spy,0.2494
2018-01-29,spy,-0.2702
2018-01-30,spy,-0.7142
2018-01-31,spy,0.3949
2018-02-01,spy,-0.2811
2018-02-02,spy,-0.6356
2018-02-05,spy,-0.7983
2018-02-06,spy,-1.5876
2018-02-07,spy,-0.4633
2018-02-08,spy,-0.0699
2018-02-09,spy,1.2787
2018-02-12,spy,0.9456
2018-02-13,spy,-0.4658
2018-02-14,spy,-0.4947
2018-02-15,spy,0.4763
2018-02-16,spy,-0.0913
2018-02-20,spy,-0.3292
2018-02-21,spy,0.1405
2018-02-22,spy,0.4259
2018-02-23,spy,0.5258
2018-02-26,spy,0.3348
2018-02-27,spy,0.0176
2018-02-28,spy,0.4263
2018-03-01,spy,0.1838
2018-03-02,spy,-0.5926
2018-03-05,spy,-0.4783
2018-03-06,spy,0.2721
2018-03-07,spy,-0.736
2018-03-08,spy,0.1762
2018-03-09,spy,0.6055
2018-03-12,spy,0.0578
2018-03-13,spy,0.3667
2018-03-14,spy,0.3285
2018-03-15,spy,0.1234
2018-03-16,spy,-0.1054
2018-03-19,spy,-0.441
2018-03-20,spy,0.2667
2018-03-21,spy,-0.0658
2018-03-22,spy,-1.1415
2018-03-23,spy,0.3485
2018-03-26,spy,1.7267
2018-03-27,spy,0.156
2018-03-28,spy,0.1825
2018-03-29,spy,0.664
2018-04-02,spy,-0.3738
2018-04-03,spy,0.3909
2018-04-04,spy,-1.4391
2018-04-05,spy,0.4601
2018-04-06,spy,-0.785
2018-04-09,spy,0.6179
2018-04-10,spy,1.305
2018-04-11,spy,-0.5624
2018-04-12,spy,0.502
2018-04-13,spy,0.5502
2018-04-16,spy,0.6084
2018-04-17,spy,0.5882
2018-04-18,spy,0.1894
2018-04-19,spy,-0.2877
2018-04-20,spy,-0.0288
2018-04-23,spy,0.1812
2018-04-24,spy,0.3425
2018-04-25,spy,-0.1578
2018-04-26,spy,0.3051
2018-04-27,spy,0.3279
2018-04-30,spy,0.2487
2018-05-01,spy,-0.2895
2018-05-02,spy,-0.1343
2018-05-03,spy,-0.5109
2018-05-04,spy,-0.413
2018-05-07,spy,0.2775
2018-05-08,spy,-0.2197
2018-05-09,spy,0.1772
2018-05-10,spy,0.3124
2018-05-11,spy,-0.0051
2018-05-14,spy,0.2497
2018-05-15,spy,-0.6037
2018-05-16,spy,0.078
2018-05-17,spy,-0.1575
2018-05-18,spy,-0.1208
2018-05-21,spy,0.6673
2018-05-22,spy,0.194
2018-05-23,spy,-0.4801
2018-05-24,spy,-0.2301
2018-05-25,spy,-0.1756
2018-05-29,spy,-0.6937
2018-05-30,spy,0.5692
2018-05-31,spy,-0.2857
2018-06-01,spy,0.6209
2018-06-04,spy,0.2924
2018-06-05,spy,-0.0073
2018-06-06,spy,0.167
2018-06-07,spy,0.1329
2018-06-08,spy,-0.1355
2018-06-11,spy,0.0031
2018-06-12,spy,0.1358
2018-06-13,spy,0.012
2018-06-14,spy,0.2657
2018-06-15,spy,-0.8828
2018-06-18,spy,-0.7648
2018-06-19,spy,-0.8496
2018-06-20,spy,0.2757
2018-06-21,spy,-0.0979
2018-06-22,spy,0.4266
2018-06-25,spy,-0.5494
2018-06-26,spy,0.2625
2018-06-27,spy,0.225
2018-06-28,spy,-0.0251
2018-06-29,spy,0.4876
2018-07-02,spy,-0.744
2018-07-06,spy,-0.0693
2018-07-09,spy,0.4174
2018-07-10,spy,0.1911
2018-07-11,spy,-0.5706
2018-07-12,spy,0.4798
2018-07-13,spy,-0.0579
2018-07-16,spy,0.0315
2018-07-17,spy,-0.3119
2018-07-18,spy,-0.0329
2018-07-19,spy,-0.2712
2018-07-20,spy,-0.1328
2018-07-23,spy,-0.0864
2018-07-24,spy,0.5058
2018-07-25,spy,-0.0861
2018-07-26,spy,-0.3144
2018-07-27,spy,0.1047
2018-07-30,spy,0.0239
2018-07-31,spy,0.3707
2018-08-01,spy,0.0358
2018-08-02,spy,-0.5778
2018-08-03,spy,0.0268
2018-08-06,spy,-0.1351
2018-08-07,spy,0.2128
2018-08-08,spy,-0.148
2018-08-09,spy,0.023
2018-08-10,spy,-0.573
2018-08-13,spy,0.073
2018-08-14,spy,0.3144
2018-08-15,spy,-0.6034
2018-08-16,spy,0.6039
2018-08-17,spy,-0.1913
2018-08-20,spy,0.1371
2018-08-21,spy,0.1524
2018-08-22,spy,-0.1413
2018-08-23,spy,-0.1273
2018-08-24,spy,0.2014
2018-08-27,spy,0.4676
2018-08-28,spy,0.1429
2018-08-29,spy,0.0104
2018-08-30,spy,-0.2355
2018-08-31,spy,-0.1468
2018-09-04,spy,-0.195
2018-09-05,spy,-0.271
2018-09-06,spy,-0.0227
2018-09-07,spy,-0.4389
2018-09-10,spy,0.3528
2018-09-11,spy,-0.3436
2018-09-12,spy,-0.0607
2018-09-13,spy,0.4129
2018-09-14,spy,0.0116
2018-09-17,spy,-0.0675
2018-09-18,spy,0.1569
2018-09-19,spy,0.0597
2018-09-20,spy,0.4954
2018-09-21,spy,-0.2443
2018-09-24,spy,-0.3241
2018-09-25,spy,0.1042
2018-09-26,spy,0.0804
2018-09-27,spy,0.1118
2018-09-28,spy,-0.2051
2018-10-01,spy,0.4897
2018-10-02,spy,-0.0708
2018-10-03,spy,0.3474
2018-10-04,spy,-0.3072
2018-10-05,spy,0.0394
2018-10-08,spy,-0.3664
2018-10-09,spy,-0.2032
2018-10-10,spy,-0.353
2018-10-11,spy,-0.1999
2018-10-12,spy,1.5462
2018-10-15,spy,-0.0038
2018-10-16,spy,0.7321
2018-10-17,spy,-0.1113
2018-10-18,spy,-0.507
2018-10-19,spy,0.2167
2018-10-22,spy,0.3183
2018-10-23,spy,-1.5372
2018-10-24,spy,-0.0701
2018-10-25,spy,0.7213
2018-10-26,spy,-1.6052
2018-10-29,spy,1.2562
2018-10-30,spy,-0.112
2018-10-31,spy,1.0686
2018-11-01,spy,0.3367
2018-11-02,spy,0.256
2018-11-05,spy,0.166
2018-11-06,spy,0.0514
2018-11-07,spy,0.8793
2018-11-08,spy,-0.257
2018-11-09,spy,-0.5604
2018-11-12,spy,-0.2936
2018-11-13,spy,0.2975
2018-11-14,spy,0.7536
2018-11-15,spy,-0.7579
2018-11-16,spy,-0.45
2018-11-19,spy,-0.2811
2018-11-20,spy,-1.4459
2018-11-21,spy,0.7016
2018-11-27,spy,-0.339
2018-11-28,spy,0.3698
2018-11-29,spy,-0.3131
2018-11-30,spy,-0.0655
2018-12-03,spy,1.4571
2018-12-04,spy,-0.2727
2018-12-06,spy,-1.7917
2018-12-07,spy,-0.2177
2018-12-10,spy,-0.0135
2018-12-11,spy,1.2962
2018-12-12,spy,1.1864
2018-12-13,spy,0.3492
2018-12-14,spy,-1.0194
2018-12-17,spy,-0.7653
2018-12-18,spy,0.6766
2018-12-19,spy,0.0499
2018-12-20,spy,-0.6349
2018-12-21,spy,-0.4564
2018-12-27,spy,-1.1963
2018-12-28,spy,0.54
2018-12-31,spy,0.6457
2019-01-02,spy,-1.4787
2019-01-03,spy,-0.745
2019-01-04,spy,1.2928
2019-01-07,spy,-0.0083
2019-01-08,spy,0.9624
2019-01-09,spy,0.2521
2019-01-10,spy,-0.6757
2019-01-11,spy,-0.5843
2019-01-14,spy,-0.8965
2019-01-15,spy,0.1347
2019-01-16,spy,0.1453
2019-01-17,spy,-0.3886
2019-01-18,spy,0.6024
2019-01-22,spy,-0.6234
2019-01-23,spy,0.3782
2019-01-24,spy,-0.1264
2019-01-25,spy,0.616
2019-01-28,spy,-0.9914
2019-01-29,spy,-0.021
2019-01-30,spy,0.5709
2019-01-31,spy,-0.0045
2019-02-01,spy,0.0452
2019-02-04,spy,-0.0844
2019-02-05,spy,0.2099
2019-02-06,spy,-0.0888
2019-02-07,spy,-0.696
2019-02-08,spy,-0.4691
2019-02-11,spy,0.2372
2019-02-12,spy,0.5916
2019-02-13,spy,0.2918
2019-02-14,spy,-0.6725
2019-02-15,spy,0.6741
2019-02-19,spy,-0.2886
2019-02-20,spy,-0.0148
2019-02-21,spy,-0.2374
2019-02-22,spy,0.2122
2019-02-25,spy,0.5652
2019-02-26,spy,-0.2366
2019-02-27,spy,-0.2515
2019-02-28,spy,-0.1474
2019-03-01,spy,0.6885
2019-03-04,spy,0.3877
2019-03-05,spy,-0.0972
2019-03-06,spy,-0.0472
2019-03-07,spy,-0.2058
2019-03-08,spy,-0.802
2019-03-11,spy,0.2859
2019-03-12,spy,0.179
2019-03-13,spy,0.3141
2019-03-14,spy,-0.0649
2019-03-15,spy,-0.2657
2019-03-18,spy,0.1021
2019-03-19,spy,0.3989
2019-03-20,spy,-0.2594
2019-03-21,spy,-0.2495
2019-03-22,spy,-0.4456
2019-03-25,spy,-0.2404
2019-03-26,spy,0.7481
2019-03-27,spy,0.1058
2019-03-28,spy,0.3066
2019-03-29,spy,0.5154
2019-04-01,spy,0.6904
2019-04-02,spy,-0.0785
2019-04-03,spy,0.3725
2019-04-04,spy,0.0751
2019-04-05,spy,0.2349
2019-04-08,spy,-0.2201
2019-04-09,spy,-0.4692
2019-04-10,spy,0.0731
2019-04-11,spy,0.039
2019-04-12,spy,0.5565
2019-04-15,spy,-0.0465
2019-04-16,spy,0.2461
2019-04-17,spy,0.3045
2019-04-18,spy,0.1189
2019-04-22,spy,-0.333
2019-04-23,spy,0.022
2019-04-24,spy,-0.0571
2019-04-25,spy,-0.1768
2019-04-26,spy,-0.0691
2019-04-29,spy,0.0213
2019-04-30,spy,-0.2441
2019-05-01,spy,0.2184
2019-05-02,spy,-0.129
2019-05-03,spy,0.4611
2019-05-06,spy,-1.5053
2019-05-07,spy,-0.8216
2019-05-08,spy,-0.151
2019-05-09,spy,-0.7769
2019-05-10,spy,-0.3851
2019-05-13,spy,-1.7718
2019-05-14,spy,0.4368
2019-05-15,spy,-0.6468
2019-05-16,spy,0.3107
2019-05-17,spy,-0.7351
2019-05-20,spy,-0.6518
2019-05-21,spy,0.6183
2019-05-22,spy,-0.3366
2019-05-23,spy,-0.9847
2019-05-24,spy,0.5549
2019-05-28,spy,0.1615
2019-05-29,spy,-0.6215
2019-05-30,spy,0.2681
2019-05-31,spy,-1.086
2019-06-03,spy,0.1161
2019-06-04,spy,0.8519
2019-06-05,spy,0.5444
2019-06-06,spy,0.0024
2019-06-07,spy,0.3567
2019-06-10,spy,0.589
2019-06-11,spy,0.773
2019-06-12,spy,-0.085
2019-06-13,spy,0.3228
2019-06-14,spy,-0.2471
2019-06-17,spy,0.0395
2019-06-18,spy,0.5264
2019-06-19,spy,0.0592
2019-06-20,spy,0.9663
2019-06-21,spy,-0.6076
2019-06-24,spy,0.0722
2019-06-25,spy,-0.0707
2019-06-26,spy,0.3244
2019-06-27,spy,0.2973
2019-06-28,spy,0.3886
2019-07-01,spy,1.1503
2019-07-02,spy,-0.1381
2019-07-08,spy,-0.5827
2019-07-09,spy,-0.4272
2019-07-10,spy,0.4106
2019-07-11,spy,0.1609
2019-07-12,spy,0.1203
2019-07-15,spy,0.0398
2019-07-16,spy,-0.1463
2019-07-17,spy,-0.0233
2019-07-18,spy,-0.2716
2019-07-19,spy,0.3045
2019-07-22,spy,0.1753
2019-07-23,spy,0.3257
2019-07-24,spy,-0.3033
2019-07-25,spy,-0.2688
2019-07-26,spy,0.2165
2019-07-29,spy,-0.0731
2019-07-30,spy,-0.6136
2019-07-31,spy,0.0065
2019-08-01,spy,0.1079
2019-08-02,spy,-0.4502
2019-08-05,spy,-1.6721
2019-08-06,spy,0.787
2019-08-07,spy,-1.4538
2019-08-08,spy,0.5292
2019-08-09,spy,-0.3907
2019-08-12,spy,-0.6176
2019-08-13,spy,-0.2136
2019-08-14,spy,-1.5611
2019-08-15,spy,0.2804
2019-08-16,spy,0.736
2019-08-19,spy,1.1262
2019-08-20,spy,-0.2862
2019-08-21,spy,0.7699
2019-08-22,spy,0.3463
2019-08-23,spy,-0.5564
2019-08-26,spy,0.8901
2019-08-27,spy,0.4356
2019-08-28,spy,-0.3536
2019-08-29,spy,1.0709
2019-08-30,spy,0.452
2019-09-03,spy,-0.6928
2019-09-04,spy,0.7937
2019-09-05,spy,0.9529
2019-09-06,spy,0.0842
2019-09-09,spy,0.2182
2019-09-10,spy,-0.3753
2019-09-11,spy,-0.0366
2019-09-12,spy,0.3095
2019-09-13,spy,0.0529
2019-09-16,spy,-0.4783
2019-09-17,spy,-0.0899
2019-09-18,spy,-0.2659
2019-09-19,spy,0.1393
2019-09-20,spy,-0.2741
2019-09-23,spy,-0.2255
2019-09-24,spy,0.2818
2019-09-25,spy,-0.013
2019-09-26,spy,-0.0803
2019-09-27,spy,0.1923
2019-09-30,spy,0.2138
2019-10-01,spy,0.3338
2019-10-02,spy,-0.7218
2019-10-03,spy,-0.158
2019-10-04,spy,0.5039
2019-10-07,spy,-0.2981
2019-10-08,spy,-0.9233
2019-10-09,spy,0.7256
2019-10-10,spy,-0.0366
2019-10-11,spy,1.0679
2019-10-14,spy,-0.06
2019-10-15,spy,0.3787
2019-10-16,spy,-0.2903
2019-10-17,spy,0.429
2019-10-18,spy,-0.1502
2019-10-21,spy,0.4666
2019-10-22,spy,0.1466
2019-10-23,spy,-0.0701
2019-10-24,spy,0.2734
2019-10-25,spy,-0.2197
2019-10-28,spy,0.4637
2019-10-29,spy,-0.1982
2019-10-30,spy,-0.0499
2019-10-31,spy,-0.1978
2019-11-01,spy,0.5039
2019-11-04,spy,0.5004
2019-11-05,spy,-0.0237
2019-11-06,spy,-0.1019
2019-11-07,spy,0.4417
2019-11-08,spy,-0.1827
2019-11-11,spy,-0.535
2019-11-12,spy,0.054
2019-11-13,spy,-0.4283
2019-11-14,spy,-0.0885
2019-11-15,spy,0.3573
2019-11-18,spy,-0.1298
2019-11-19,spy,0.0978
2019-11-20,spy,-0.2034
2019-11-21,spy,-0.0882
2019-11-22,spy,0.1565
2019-11-25,spy,0.3329
2019-11-26,spy,-0.0974
2019-11-27,spy,0.0988
2019-12-03,spy,-1.1756
2019-12-04,spy,0.2636
2019-12-05,spy,0.0434
2019-12-06,spy,0.684
2019-12-09,spy,-0.1448
2019-12-10,spy,-0.1355
2019-12-11,spy,0.0493
2019-12-12,spy,-0.0336
2019-12-13,spy,-0.1472
2019-12-16,spy,0.6689
2019-12-17,spy,0.0507
2019-12-18,spy,0.1164
2019-12-19,spy,0.0664
2019-12-20,spy,-0.068
2019-12-23,spy,0.122
2019-12-27,spy,0.1829
2019-12-30,spy,-0.0112
2019-12-31,spy,-0.2797
2020-01-02,spy,0.4662
2020-01-03,spy,-0.9078
2020-01-06,spy,-0.505
2020-01-07,spy,-0.284
2020-01-08,spy,0.0622
2020-01-09,spy,0.4992
2020-01-10,spy,0.1268
2020-01-13,spy,0.1411
2020-01-14,spy,-0.2198
2020-01-15,spy,0.0033
2020-01-16,spy,0.4001
2020-01-17,spy,0.1141
2020-01-21,spy,-0.2628
2020-01-22,spy,0.2014
2020-01-23,spy,-0.3597
2020-01-24,spy,0.186
2020-01-27,spy,-1.6485
2020-01-28,spy,0.4822
2020-01-29,spy,0.4065
2020-01-30,spy,-0.6521
2020-01-31,spy,-0.2657
2020-02-03,spy,0.6
2020-02-04,spy,1.1165
2020-02-05,spy,0.8664
2020-02-06,spy,0.2153
2020-02-07,spy,-0.3573
2020-02-10,spy,-0.2506
2020-02-11,spy,0.3244
2020-02-12,spy,0.4475
2020-02-13,spy,-0.4074
2020-02-14,spy,0.0757
2020-02-18,spy,-0.268
2020-02-19,spy,0.3088
2020-02-20,spy,-0.1848
2020-02-21,spy,-0.4197
2020-02-24,spy,-2.8935
2020-02-25,spy,0.4964
2020-02-26,spy,0.4939
2020-02-27,spy,-2.0806
2020-02-28,spy,-2.5159
2020-03-02,spy,0.7194
2020-03-03,spy,-0.3117
2020-03-04,spy,2.0035
2020-03-05,spy,-2.4311
2020-03-06,spy,-3.0641
2020-03-09,spy,-7.2995
2020-03-10,spy,3.4644
2020-03-11,spy,-2.8159
2020-03-12,spy,-6.5981
2020-03-13,spy,6.2735
2020-03-16,spy,-11.1233
2020-03-17,spy,2.0226
2020-03-18,spy,-5.6517
2020-03-19,spy,-1.5207
2020-03-20,spy,0.1424
2020-03-23,spy,-1.5725
2020-03-24,spy,5.4722
2020-03-25,spy,-0.0974
2020-03-26,spy,1.7423
2020-03-27,spy,-3.0649
2020-03-30,spy,1.3214
2020-03-31,spy,-0.5098
2020-04-01,spy,-3.6513
2020-04-02,spy,-0.0725
2020-04-03,spy,-0.3257
2020-04-06,spy,3.7617
2020-04-07,spy,3.5516
2020-04-08,spy,1.259
2020-04-09,spy,1.1672
2020-04-13,spy,-0.5681
2020-04-14,spy,1.712
2020-04-15,spy,-2.3183
2020-04-16,spy,0.5718
2020-04-17,spy,1.972
2020-04-20,spy,-1.4903
2020-04-21,spy,-1.6657
2020-04-22,spy,1.8712
2020-04-23,spy,0.4541
2020-04-24,spy,0.5976
2020-04-27,spy,0.7175
2020-04-28,spy,1.3352
2020-04-29,spy,1.8139
2020-04-30,spy,-0.7986
2020-05-01,spy,-1.6992
2020-05-04,spy,-1.0158
2020-05-05,spy,0.9361
2020-05-06,spy,0.648
2020-05-07,spy,1.1801
2020-05-08,spy,1.0649
2020-05-11,spy,-0.8603
2020-05-12,spy,0.4794
2020-05-13,spy,-0.2039
2020-05-14,spy,-0.7569
2020-05-15,spy,-0.9062
2020-05-18,spy,2.3171
2020-05-19,spy,-0.2458
2020-05-20,spy,1.2026
2020-05-21,spy,-0.1881
2020-05-22,spy,-0.118
2020-05-26,spy,2.0917
2020-05-27,spy,0.899
2020-05-28,spy,0.1543
2020-05-29,spy,-0.3776
2020-06-01,spy,-0.1452
2020-06-02,spy,0.1628
2020-06-03,spy,0.6315
2020-06-04,spy,-0.3319
2020-06-05,spy,1.8866
2020-06-08,spy,0.3983
2020-06-09,spy,-1.0543
2020-06-10,spy,0.175
2020-06-11,spy,-2.4371
2020-06-12,spy,2.261
2020-06-15,spy,-1.9289
2020-06-16,spy,2.5304
2020-06-17,spy,0.2571
2020-06-18,spy,-0.3897
2020-06-19,spy,0.6494
2020-06-22,spy,-0.1825
2020-06-23,spy,0.774
2020-06-24,spy,-0.7223
2020-06-25,spy,-0.2109
2020-06-26,spy,-0.5247
2020-06-29,spy,0.2932
2020-06-30,spy,-0.1225
2020-07-01,spy,0.3487
2020-07-02,spy,1.2603
2020-07-06,spy,1.3241
2020-07-07,spy,-0.6076
2020-07-08,spy,0.1496
2020-07-09,spy,0.2003
2020-07-10,spy,0.0554
2020-07-13,spy,0.7248
2020-07-14,spy,-0.5671
2020-07-15,spy,1.0101
2020-07-16,spy,-0.6565
2020-07-17,spy,0.1734
2020-07-20,spy,-0.0027
2020-07-21,spy,0.487
2020-07-22,spy,-0.1015
2020-07-23,spy,-0.1685
2020-07-24,spy,-0.7039
2020-07-27,spy,-0.0057
2020-07-28,spy,-0.2318
2020-07-29,spy,0.3552
2020-07-30,spy,-1.0639
2020-07-31,spy,0.3889
2020-08-03,spy,0.4835
2020-08-04,spy,-0.2042
2020-08-05,spy,0.3519
2020-08-06,spy,-0.1152
2020-08-07,spy,-0.336
2020-08-10,spy,0.1273
2020-08-11,spy,0.3741
2020-08-12,spy,0.843
2020-08-13,spy,-0.2444
2020-08-14,spy,-0.2388
2020-08-17,spy,0.2478
2020-08-18,spy,0.1612
2020-08-19,spy,0.0397
2020-08-20,spy,-0.5172
2020-08-21,spy,-0.1139
2020-08-24,spy,0.7286
2020-08-25,spy,0.0795
2020-08-26,spy,0.0548
2020-08-27,spy,0.2073
2020-08-28,spy,0.1781
2020-08-31,spy,-0.1027
2020-09-01,spy,-0.0085
2020-09-02,spy,0.3867
2020-09-03,spy,-0.4732
2020-09-04,spy,0.2928
2020-09-08,spy,-1.8679
2020-09-09,spy,1.2588
2020-09-10,spy,0.4087
2020-09-11,spy,0.6436
2020-09-14,spy,0.9983
2020-09-15,spy,0.7902
2020-09-16,spy,0.3626
2020-09-17,spy,-1.6066
2020-09-18,spy,-0.3912
2020-09-21,spy,-1.4002
2020-09-22,spy,0.3635
2020-09-23,spy,0.0599
2020-09-24,spy,-0.294
2020-09-25,spy,-0.2285
2020-09-28,spy,1.4076
2020-09-29,spy,-0.1596
2020-09-30,spy,0.4111
2020-10-01,spy,0.825
2020-10-02,spy,-1.4043
2020-10-05,spy,0.8567
2020-10-06,spy,0.0659
2020-10-07,spy,1.1508
2020-10-08,spy,0.4998
2020-10-09,spy,0.5009
2020-10-12,spy,0.6258
2020-10-13,spy,-0.1123
2020-10-14,spy,0.097
2020-10-15,spy,-1.2063
2020-10-16,spy,0.3455
2020-10-19,spy,0.4321
2020-10-20,spy,0.3312
2020-10-21,spy,0.0008
2020-10-22,spy,0.2167
2020-10-23,spy,0.2443
2020-10-26,spy,-0.9882
2020-10-27,spy,-0.0562
2020-10-28,spy,-1.8693
2020-10-29,spy,0.1497
2020-10-30,spy,-0.3217
2020-11-02,spy,0.9304
2020-11-03,spy,1.0014
2020-11-04,spy,1.6172
2020-11-05,spy,1.5722
2020-11-06,spy,-0.1684
2020-11-09,spy,3.6905
2020-11-10,spy,-0.1556
2020-11-11,spy,0.5218
2020-11-12,spy,-0.466
2020-11-13,spy,0.6136
2020-11-16,spy,0.6552
2020-11-17,spy,-0.7488
2020-11-18,spy,-0.0289
2020-11-19,spy,-0.43
2020-11-20,spy,-0.1462
2020-11-23,spy,0.5704
2020-11-24,spy,0.6647
2020-11-25,spy,-0.1721
2020-12-01,spy,0.9154
2020-12-02,spy,-0.4497
2020-12-03,spy,0.0118
2020-12-04,spy,0.2218
2020-12-07,spy,-0.2535
2020-12-08,spy,-0.3433
2020-12-09,spy,0.087
2020-12-10,spy,-0.4024
2020-12-11,spy,-0.4734
2020-12-14,spy,0.6041
2020-12-15,spy,0.6673
2020-12-16,spy,-0.0224
2020-12-17,spy,0.5082
2020-12-18,spy,-0.4187
2020-12-21,spy,-1.1611
2020-12-22,spy,-0.1459
2020-12-23,spy,0.3248
2020-12-29,spy,0.4005
2020-12-30,spy,0.2775
2020-12-31,spy,-0.1152
2021-01-04,spy,0.2809
2021-01-05,spy,-0.0129
2021-01-06,spy,-0.4923
2021-01-07,spy,0.6986
2021-01-08,spy,0.4768
2021-01-11,spy,-0.7689
2021-01-12,spy,0.0709
2021-01-13,spy,0.0444
2021-01-14,spy,0.1758
2021-01-15,spy,-0.3728
2021-01-19,spy,0.6252
2021-01-20,spy,0.5461
2021-01-21,spy,0.111
2021-01-22,spy,-0.5265
2021-01-25,spy,0.2942
2021-01-26,spy,0.3033
2021-01-27,spy,-1.2926
2021-01-28,spy,0.5927
2021-01-29,spy,-0.7097
2021-02-01,spy,0.9523
2021-02-02,spy,0.9485
2021-02-03,spy,0.0543
2021-02-04,spy,0.2506
2021-02-05,spy,0.413
2021-02-08,spy,0.4087
2021-02-09,spy,-0.2243
2021-02-10,spy,0.4006
2021-02-11,spy,0.2291
2021-02-12,spy,-0.2037
2021-02-16,spy,0.2731
2021-02-17,spy,-0.5674
2021-02-18,spy,-0.8704
2021-02-19,spy,0.1928
2021-02-22,spy,-0.6807
2021-02-23,spy,-0.7785
2021-02-24,spy,-0.218
2021-02-25,spy,-0.2773
2021-02-26,spy,0.3756
2021-03-01,spy,1.5002
2021-03-02,spy,0.0575
2021-03-03,spy,-0.0943
2021-03-04,spy,-0.0086
2021-03-05,spy,0.8409
2021-03-08,spy,0.0916
2021-03-09,spy,1.1541
2021-03-10,spy,0.634
2021-03-11,spy,0.6016
2021-03-12,spy,-0.4994
2021-03-15,spy,0.0564
2021-03-16,spy,0.0407
2021-03-17,spy,-0.396
2021-03-18,spy,-0.6263
2021-03-19,spy,-0.4077
2021-03-22,spy,0.1397
2021-03-23,spy,-0.2157
2021-03-24,spy,0.3732
2021-03-25,spy,-0.3885
2021-03-26,spy,0.3371
2021-03-29,spy,-0.3758
2021-03-30,spy,-0.3759
2021-03-31,spy,0.2006
2021-04-01,spy,0.5049
2021-04-05,spy,0.7561
2021-04-06,spy,-0.1569
2021-04-07,spy,0.0244
2021-04-08,spy,0.303
2021-04-09,spy,-0.0547
2021-04-12,spy,-0.142
2021-04-13,spy,-0.0618
2021-04-14,spy,-0.0547
2021-04-15,spy,0.5916
2021-04-16,spy,0.1956
2021-04-19,spy,-0.2125
2021-04-20,spy,-0.3264
2021-04-21,spy,-0.1385
2021-04-22,spy,-0.2082
2021-04-23,spy,0.1709
2021-04-26,spy,0.1423
2021-04-27,spy,-0.0304
2021-04-28,spy,0.035
2021-04-29,spy,0.7127
2021-04-30,spy,-0.5826
2021-05-03,spy,0.4223
2021-05-04,spy,-0.4798
2021-05-05,spy,0.3135
2021-05-06,spy,-0.1169
2021-05-07,spy,-0.0042
2021-05-10,spy,0.0168
2021-05-11,spy,-1.1547
2021-05-12,spy,-0.6891
2021-05-13,spy,0.6134
2021-05-14,spy,0.7738
2021-05-17,spy,-0.2896
2021-05-18,spy,0.0057
2021-05-19,spy,-1.3454
2021-05-20,spy,0.3103
2021-05-21,spy,0.4294
2021-05-24,spy,0.5598
2021-05-25,spy,0.2748
2021-05-26,spy,0.1177
2021-05-27,spy,0.2603
2021-05-28,spy,0.3105
2021-06-01,spy,0.5502
2021-06-02,spy,0.0386
2021-06-03,spy,-0.6274
2021-06-04,spy,0.4803
2021-06-07,spy,-0.0542
2021-06-08,spy,0.1163
2021-06-09,spy,0.1281
2021-06-10,spy,0.3251
2021-06-11,spy,0.0733
2021-06-14,spy,-0.1177
2021-06-15,spy,-0.1223
2021-06-16,spy,-0.0164
2021-06-17,spy,-0.0684
2021-06-18,spy,-1.2209
2021-06-21,spy,0.3093
2021-06-22,spy,-0.1255
2021-06-23,spy,0.09
2021-06-24,spy,0.4709
2021-06-25,spy,0.1787
2021-06-28,spy,0.0842
2021-06-29,spy,0.1143
2021-06-30,spy,-0.0774
2021-07-01,spy,0.1889
2021-07-02,spy,0.2015
2021-07-06,spy,-0.0653
2021-07-07,spy,0.0986
2021-07-08,spy,-1.2641
2021-07-09,spy,0.3543
2021-07-12,spy,-0.1433
2021-07-13,spy,-0.1806
2021-07-14,spy,0.435
2021-07-15,spy,-0.3448
2021-07-16,spy,0.2428
2021-07-19,spy,-1.1267
2021-07-20,spy,0.0023
2021-07-21,spy,0.3032
2021-07-22,spy,0.052
2021-07-23,spy,0.3755
2021-07-26,spy,-0.0945
2021-07-27,spy,-0.4684
2021-07-28,spy,0.0944
2021-07-29,spy,0.3243
2021-07-30,spy,-0.598
2021-08-02,spy,0.408
2021-08-03,spy,0.1496
2021-08-04,spy,-0.4026
2021-08-05,spy,0.2423
2021-08-06,spy,0.1523
2021-08-09,spy,-0.0445
2021-08-10,spy,0.0097
2021-08-11,spy,0.1994
2021-08-12,spy,-0.1414
2021-08-13,spy,0.0184
2021-08-16,spy,-0.3269
2021-08-17,spy,-0.7667
2021-08-18,spy,-0.2561
2021-08-19,spy,-0.4428
2021-08-20,spy,-0.0504
2021-08-23,spy,0.4786
2021-08-24,spy,0.0773
2021-08-25,spy,-0.0143
2021-08-26,spy,-0.1157
2021-08-27,spy,0.2512
2021-08-30,spy,0.1909
2021-08-31,spy,-0.1505
2021-09-01,spy,0.1561
2021-09-02,spy,0.3494
2021-09-03,spy,-0.19
2021-09-07,spy,-0.1658
2021-09-08,spy,-0.2481
2021-09-09,spy,-0.1375
2021-09-10,spy,0.501
2021-09-13,spy,0.6555
2021-09-14,spy,0.2678
2021-09-15,spy,0.0118
2021-09-16,spy,-0.0891
2021-09-17,spy,-0.5296
2021-09-20,spy,-1.4446
2021-09-21,spy,0.3262
2021-09-22,spy,0.4348
2021-09-23,spy,0.5034
2021-09-24,spy,-0.3085
2021-09-27,spy,-0.2044
2021-09-28,spy,-0.7014
2021-09-29,spy,0.3449
2021-09-30,spy,0.388
2021-10-01,spy,0.4468
2021-10-04,spy,-0.1137
2021-10-05,spy,0.3914
2021-10-06,spy,-0.6563
2021-10-07,spy,0.8863
2021-10-08,spy,0.1993
2021-10-11,spy,-0.2158
2021-10-12,spy,0.0876
2021-10-13,spy,0.2873
2021-10-14,spy,0.8927
2021-10-15,spy,0.3892
2021-10-18,spy,-0.4884
2021-10-19,spy,0.297
2021-10-20,spy,0.0665
2021-10-21,spy,-0.2212
2021-10-22,spy,-0.0885
2021-10-25,spy,0.1674
2021-10-26,spy,0.2903
2021-10-27,spy,-0.0093
2021-10-28,spy,0.4115
2021-10-29,spy,-0.5068
2021-11-01,spy,0.1973
2021-11-02,spy,0.0274
2021-11-03,spy,-0.1482
2021-11-04,spy,0.0652
2021-11-05,spy,0.4546
2021-11-08,spy,0.2651
2021-11-09,spy,0.0661
2021-11-10,spy,-0.3394
2021-11-11,spy,0.2209
2021-11-12,spy,0.1863
2021-11-15,spy,0.1956
2021-11-16,spy,-0.0507
2021-11-17,spy,-0.1721
2021-11-18,spy,0.0988
2021-11-19,spy,-0.2209
2021-11-22,spy,0.4684
2021-11-23,spy,-0.055
2021-11-24,spy,-0.5459
2021-11-30,spy,-0.6467
2021-12-01,spy,1.0477
2021-12-02,spy,0.1065
2021-12-03,spy,0.4627
2021-12-06,spy,0.4296
2021-12-07,spy,1.264
2021-12-08,spy,-0.1147
2021-12-09,spy,-0.3232
2021-12-10,spy,0.5881
2021-12-13,spy,-0.1748
2021-12-14,spy,-0.6612
2021-12-15,spy,-0.1047
2021-12-16,spy,0.3259
2021-12-17,spy,-1.0087
2021-12-20,spy,-1.3549
2021-12-21,spy,0.8542
2021-12-22,spy,-0.0443
2021-12-23,spy,0.2699
2021-12-27,spy,0.4524
2021-12-28,spy,0.0145
2021-12-29,spy,0.0354
2021-12-30,spy,0.117
2021-12-31,spy,0.0062
2022-01-03,spy,0.3421
2022-01-04,spy,0.3241
2022-01-05,spy,-0.1154
2022-01-06,spy,-0.0763
2022-01-07,spy,-0.0763
2022-01-10,spy,-0.8549
2022-01-11,spy,-0.2826
2022-01-12,spy,0.5112
2022-01-13,spy,0.221
2022-01-14,spy,-0.7157
2022-01-18,spy,-1.3296
2022-01-19,spy,0.3936
2022-01-20,spy,0.5685
2022-01-21,spy,-0.2749
2022-01-24,spy,-1.5233
2022-01-25,spy,-1.4671
2022-01-26,spy,1.2898
2022-01-27,spy,1.0416
2022-01-28,spy,0.0991
2022-01-31,spy,-0.411
2022-02-01,spy,-0.0422
2022-02-02,spy,0.4477
2022-02-03,spy,-1.4455
2022-02-04,spy,-0.1273
2022-02-07,spy,0.0202
2022-02-08,spy,-0.04
2022-02-09,spy,0.9621
2022-02-10,spy,-1.1871
2022-02-11,spy,0.1246
2022-02-14,spy,-0.0627
2022-02-15,spy,1.0073
2022-02-16,spy,-0.4882
2022-02-17,spy,-0.7764
2022-02-18,spy,0.0561
2022-02-22,spy,-0.4474
2022-02-23,spy,0.6603
2022-02-24,spy,-2.4823
2022-02-25,spy,0.0993
2022-02-28,spy,-1.1705
2022-03-01,spy,-0.2826
2022-03-02,spy,0.4796
2022-03-03,spy,0.5422
2022-03-04,spy,-0.9026
2022-03-07,spy,-0.1637
2022-03-08,spy,0.0005
2022-03-09,spy,1.9554
2022-03-10,spy,-1.2047
2022-03-11,spy,0.6589
2022-03-14,spy,0.3645
2022-03-15,spy,0.8037
2022-03-16,spy,0.8725
2022-03-17,spy,-0.4576
2022-03-18,spy,-0.7903
2022-03-21,spy,0.0342
2022-03-22,spy,0.3457
2022-03-23,spy,-0.5958
2022-03-24,spy,0.3294
2022-03-25,spy,0.1531
2022-03-28,spy,-0.1681
2022-03-29,spy,1.0608
2022-03-30,spy,-0.2457
2022-03-31,spy,-0.1991
2022-04-01,spy,0.3052
2022-04-04,spy,-0.0687
2022-04-05,spy,-0.1691
2022-04-06,spy,-0.9286
2022-04-07,spy,-0.2974
2022-04-08,spy,-0.1759
2022-04-11,spy,-0.7233
2022-04-12,spy,0.5144
2022-04-13,spy,-0.0263
2022-04-14,spy,0.0863
2022-04-18,spy,0.0821
2022-04-19,spy,-0.0468
2022-04-20,spy,0.4811
2022-04-21,spy,0.9958
2022-04-22,spy,-0.3458
2022-04-25,spy,-0.9174
2022-04-26,spy,-0.8145
2022-04-27,spy,0.3251
2022-04-28,spy,1.1483
2022-04-29,spy,-1.1476
2022-05-02,spy,0.0643
2022-05-03,spy,-0.1437
2022-05-04,spy,0.0452
2022-05-05,spy,-1.1724
2022-05-06,spy,-0.5737
2022-05-09,spy,-1.5101
2022-05-10,spy,1.8024
2022-05-11,spy,0.0201
2022-05-12,spy,-0.6915
2022-05-13,spy,1.1394
2022-05-16,spy,-0.4033
2022-05-17,spy,1.3536
2022-05-18,spy,-1.2519
2022-05-19,spy,-0.6113
2022-05-20,spy,0.8661
2022-05-23,spy,0.663
2022-05-24,spy,-1.0549
2022-05-25,spy,-0.3698
2022-05-26,spy,0.4051
2022-05-27,spy,0.7936
2022-05-31,spy,-0.5767
2022-06-01,spy,0.6693
2022-06-02,spy,-0.4085
2022-06-03,spy,-1.0507
2022-06-06,spy,0.9192
2022-06-07,spy,-0.9309
2022-06-08,spy,-0.6508
2022-06-09,spy,-0.4994
2022-06-10,spy,-1.513
2022-06-13,spy,-2.3427
2022-06-14,spy,0.3212
2022-06-15,spy,0.8986
2022-06-16,spy,-2.2784
2022-06-17,spy,-0.1953
2022-06-21,spy,1.7005
2022-06-22,spy,-0.8821
2022-06-23,spy,0.5234
2022-06-24,spy,0.9143
2022-06-27,spy,0.0984
2022-06-28,spy,0.6056
2022-06-29,spy,-0.1424
2022-06-30,spy,-1.2068
2022-07-01,spy,-0.1632
2022-07-05,spy,-1.6973
2022-07-06,spy,0.1432
2022-07-07,spy,0.6459
2022-07-08,spy,-0.4193
2022-07-11,spy,-0.5981
2022-07-12,spy,0.0536
2022-07-13,spy,-1.4623
2022-07-14,spy,-1.4304
2022-07-15,spy,1.2718
2022-07-18,spy,0.8607
2022-07-19,spy,0.9806
2022-07-20,spy,-0.1139
2022-07-21,spy,-0.1666
2022-07-22,spy,0.0678
2022-07-25,spy,0.0435
2022-07-26,spy,-0.4241
2022-07-27,spy,0.855
2022-07-28,spy,0.3489
2022-07-29,spy,0.3933
2022-08-01,spy,-0.7605
2022-08-02,spy,-0.3564
2022-08-03,spy,0.4376
2022-08-04,spy,-0.1292
2022-08-05,spy,-0.9864
2022-08-08,spy,0.5217
2022-08-09,spy,-0.328
2022-08-10,spy,1.6052
2022-08-11,spy,0.6277
2022-08-12,spy,0.4015
2022-08-15,spy,-0.4543
2022-08-16,spy,-0.1822
2022-08-17,spy,-0.7542
2022-08-18,spy,0.0162
2022-08-19,spy,-0.6708
2022-08-22,spy,-1.2216
2022-08-23,spy,-0.127
2022-08-24,spy,-0.074
2022-08-25,spy,0.1823
2022-08-26,spy,-0.1305
2022-08-29,spy,-0.7626
2022-08-30,spy,0.1388
2022-08-31,spy,0.2512
2022-09-01,spy,-0.6712
2022-09-02,spy,0.6434
2022-09-06,spy,0.2607
2022-09-07,spy,-0.0093
2022-09-08,spy,-0.7637
2022-09-09,spy,0.6416
2022-09-12,spy,0.5821
2022-09-13,spy,-2.0151
2022-09-14,spy,0.2003
2022-09-15,spy,-0.4808
2022-09-16,spy,-1.6644
2022-09-19,spy,-0.7208
2022-09-20,spy,-1.0048
2022-09-21,spy,0.509
2022-09-22,spy,-0.0427
2022-09-23,spy,-1.1004
2022-09-26,spy,-0.1894
2022-09-27,spy,0.9835
2022-09-28,spy,0.103
2022-09-29,spy,-1.0558
2022-09-30,spy,-0.1654
2022-10-03,spy,0.9983
2022-10-04,spy,1.626
2022-10-05,spy,-1.0768
2022-10-06,spy,-0.2361
2022-10-07,spy,-1.3524
2022-10-10,spy,0.2961
2022-10-11,spy,-0.5186
2022-10-12,spy,-0.2719
2022-10-13,spy,-2.1539
2022-10-14,spy,0.5773
2022-10-17,spy,1.9498
2022-10-18,spy,2.1483
2022-10-19,spy,-0.4736
2022-10-20,spy,-0.1675
2022-10-21,spy,-0.1385
2022-10-24,spy,0.2809
2022-10-25,spy,0.1737
2022-10-26,spy,-0.7675
2022-10-27,spy,0.3799
2022-10-28,spy,0.231
2022-10-31,spy,-0.5899
2022-11-01,spy,0.7986
2022-11-02,spy,-0.3857
2022-11-03,spy,-1.1293
2022-11-04,spy,1.5065
2022-11-07,spy,0.3536
2022-11-08,spy,0.0389
2022-11-09,spy,-0.7191
2022-11-10,spy,3.46
2022-11-11,spy,0.1196
2022-11-14,spy,-0.331
2022-11-15,spy,1.589
2022-11-16,spy,-0.3635
2022-11-17,spy,-1.1596
2022-11-18,spy,0.609
2022-11-21,spy,-0.1536
2022-11-22,spy,0.4565
2022-11-23,spy,-0.0375
2022-11-29,spy,-0.0804
2022-11-30,spy,0.0435
2022-12-01,spy,0.2789
2022-12-02,spy,-1.1098
2022-12-05,spy,-0.7107
2022-12-06,spy,-0.03
2022-12-07,spy,-0.205
2022-12-08,spy,0.3414
2022-12-09,spy,-0.4739
2022-12-12,spy,0.2002
2022-12-13,spy,2.5565
2022-12-14,spy,-0.0475
2022-12-15,spy,-1.1587
2022-12-16,spy,-1.0713
2022-12-19,spy,-0.0869
2022-12-20,spy,-0.2241
2022-12-21,spy,0.6036
2022-12-22,spy,-0.9821
2022-12-23,spy,-0.1135
2022-12-27,spy,-0.1963
2022-12-28,spy,-0.0977
2022-12-29,spy,0.7085
2022-12-30,spy,-0.7648
2023-01-03,spy,0.3573
2023-01-04,spy,0.4403
2023-01-05,spy,-0.7485
2023-01-06,spy,0.7043
2023-01-09,spy,0.5731
2023-01-10,spy,0.0178
2023-01-11,spy,0.3733
2023-01-12,spy,0.1571
2023-01-13,spy,-0.7325
2023-01-17,spy,0.0328
2023-01-18,spy,0.3093
2023-01-19,spy,-0.5812
2023-01-20,spy,0.1658
2023-01-23,spy,-0.0301
2023-01-24,spy,-0.4966
2023-01-25,spy,-1.1416
2023-01-26,spy,0.7925
2023-01-27,spy,-0.2302
2023-01-30,spy,-0.648
2023-01-31,spy,0.1721
2023-02-01,spy,-0.3499
2023-02-02,spy,0.8153
2023-02-03,spy,-1.1265
2023-02-06,spy,-0.4424
2023-02-07,spy,-0.2619
2023-02-08,spy,-0.4902
2023-02-09,spy,0.7474
2023-02-10,spy,-0.2241
2023-02-13,spy,0.0898
2023-02-14,spy,-0.793
2023-02-15,spy,-0.5196
2023-02-16,spy,-1.1603
2023-02-17,spy,-0.6437
2023-02-21,spy,-1.0071
2023-02-22,spy,0.1228
2023-02-23,spy,0.6647
2023-02-24,spy,-1.3873
2023-02-27,spy,0.7657
2023-02-28,spy,-0.2008
2023-03-01,spy,-0.1862
2023-03-02,spy,-0.5641
2023-03-03,spy,0.342
2023-03-06,spy,0.1356
2023-03-07,spy,-0.1067
2023-03-08,spy,0.088
2023-03-09,spy,0.1354
2023-03-10,spy,-0.3565
2023-03-13,spy,-1.0268
2023-03-14,spy,1.3558
2023-03-15,spy,-1.4283
2023-03-16,spy,-0.7563
2023-03-17,spy,-0.7114
2023-03-20,spy,0.124
2023-03-21,spy,1.0085
2023-03-22,spy,-0.1503
2023-03-23,spy,0.8165
2023-03-24,spy,-0.5053
2023-03-27,spy,0.541
2023-03-28,spy,-0.3148
2023-03-29,spy,0.9377
2023-03-30,spy,0.5802
2023-03-31,spy,0.272
2023-04-03,spy,-0.0742
2023-04-04,spy,0.0768
2023-04-05,spy,-0.1745
2023-04-06,spy,-0.3171
2023-04-10,spy,-0.7631
2023-04-11,spy,-0.04
2023-04-12,spy,0.4675
2023-04-13,spy,0.2393
2023-04-14,spy,-0.1041
2023-04-17,spy,-0.0679
2023-04-18,spy,0.245
2023-04-19,spy,-0.472
2023-04-20,spy,-0.7157
2023-04-21,spy,0.0304
2023-04-24,spy,-0.0279
2023-04-25,spy,-0.4615
2023-04-26,spy,0.1606
2023-04-27,spy,0.5632
2023-04-28,spy,-0.1479
2023-05-01,spy,-0.1145
2023-05-02,spy,-0.3575
2023-05-03,spy,0.1108
2023-05-04,spy,-0.2776
2023-05-05,spy,0.9937
2023-05-08,spy,-0.0206
2023-05-09,spy,-0.5001
2023-05-10,spy,0.7858
2023-05-11,spy,-0.3911
2023-05-12,spy,0.2341
2023-05-15,spy,0.0936
2023-05-16,spy,-0.3038
2023-05-17,spy,0.4327
2023-05-18,spy,-0.1194
2023-05-19,spy,0.0983
2023-05-22,spy,0.0066
2023-05-23,spy,-0.4434
2023-05-24,spy,-0.5795
2023-05-25,spy,0.5485
2023-05-26,spy,0.1819
2023-05-30,spy,0.4241
2023-05-31,spy,-0.3897
2023-06-01,spy,-0.1118
2023-06-02,spy,0.7657
2023-06-05,spy,0.0838
2023-06-06,spy,-0.2261
2023-06-07,spy,0.0978
2023-06-08,spy,0.0092
2023-06-09,spy,0.2151
2023-06-12,spy,0.16
2023-06-13,spy,0.2895
2023-06-14,spy,-0.0217
2023-06-15,spy,-0.2115
2023-06-16,spy,-0.0445
2023-06-20,spy,-0.4631
2023-06-21,spy,-0.4035
2023-06-22,spy,-0.302
2023-06-23,spy,-0.9055
2023-06-26,spy,-0.1323
2023-06-27,spy,0.2079
2023-06-28,spy,-0.3402
2023-06-29,spy,-0.2026
2023-06-30,spy,0.6992
2023-07-06,spy,-0.8836
2023-07-07,spy,-0.181
2023-07-10,spy,0.0464
2023-07-11,spy,0.1635
2023-07-12,spy,0.8365
2023-07-13,spy,0.3959
2023-07-14,spy,0.1935
2023-07-17,spy,-0.0155
2023-07-18,spy,-0.1542
2023-07-19,spy,0.2846
2023-07-20,spy,-0.1529
2023-07-21,spy,0.2673
2023-07-24,spy,0.3778
2023-07-25,spy,-0.0719
2023-07-26,spy,-0.1475
2023-07-27,spy,0.6842
2023-07-28,spy,0.6929
2023-07-31,spy,0.0672
2023-08-01,spy,-0.3741
2023-08-02,spy,-0.8448
2023-08-03,spy,-0.513
2023-08-04,spy,0.4589
2023-08-07,spy,0.4902
2023-08-08,spy,-0.7098
2023-08-09,spy,-0.04
2023-08-10,spy,0.7
2023-08-11,spy,-0.5937
2023-08-14,spy,-0.2755
2023-08-15,spy,-0.475
2023-08-16,spy,-0.0896
2023-08-17,spy,0.2783
2023-08-18,spy,-0.551
2023-08-21,spy,0.1913
2023-08-22,spy,0.3104
2023-08-23,spy,0.2954
2023-08-24,spy,0.2895
2023-08-25,spy,0.4314
2023-08-28,spy,0.4724
2023-08-29,spy,-0.0377
2023-08-30,spy,0.1358
2023-08-31,spy,0.1794
2023-09-01,spy,0.6105
2023-09-05,spy,-0.1508
2023-09-06,spy,-0.3359
2023-09-07,spy,-0.7681
2023-09-08,spy,0.1128
2023-09-11,spy,0.6253
2023-09-12,spy,-0.3788
2023-09-13,spy,0.1864
2023-09-14,spy,0.41
2023-09-15,spy,-0.7546
2023-09-18,spy,-0.1144
2023-09-19,spy,-0.2495
2023-09-20,spy,0.1293
2023-09-21,spy,-0.685
2023-09-22,spy,0.1685
2023-09-25,spy,-0.3512
2023-09-26,spy,-0.7616
2023-09-27,spy,0.3342
2023-09-28,spy,-0.162
2023-09-29,spy,0.594
2023-10-02,spy,-0.1807
2023-10-03,spy,-0.5803
2023-10-04,spy,0.1544
2023-10-05,spy,-0.0282
2023-10-06,spy,-0.5181
2023-10-09,spy,-0.4217
2023-10-10,spy,0.1149
2023-10-11,spy,0.3833
2023-10-12,spy,-0.0056
2023-10-13,spy,0.3408
2023-10-16,spy,0.5518
2023-10-17,spy,-0.6773
2023-10-18,spy,-0.5269
2023-10-19,spy,0.1877
2023-10-20,spy,-0.2557
2023-10-23,spy,-0.498
2023-10-24,spy,0.5615
2023-10-25,spy,-0.5754
2023-10-26,spy,-0.2219
2023-10-27,spy,0.3404
2023-10-30,spy,0.7271
2023-10-31,spy,-0.0256
2023-11-01,spy,0.0652
2023-11-02,spy,0.965
2023-11-03,spy,0.6086
2023-11-06,spy,0.2728
2023-11-07,spy,-0.1065
2023-11-08,spy,0.1453
2023-11-09,spy,0.1189
2023-11-10,spy,0.3678
2023-11-13,spy,-0.2861
2023-11-14,spy,1.3724
2023-11-15,spy,0.3409
2023-11-16,spy,-0.0867
2023-11-17,spy,-0.02
2023-11-20,spy,0.0398
2023-11-21,spy,-0.3096
2023-11-22,spy,0.4242
2023-11-28,spy,-0.1684
2023-11-29,spy,0.5182
2023-11-30,spy,0.1975
2023-12-01,spy,-0.2065
2023-12-04,spy,-0.7466
2023-12-05,spy,-0.3355
2023-12-06,spy,0.4285
2023-12-07,spy,0.4733
2023-12-08,spy,-0.232
2023-12-11,spy,-0.1703
2023-12-12,spy,-0.185
2023-12-13,spy,0.0268
2023-12-14,spy,0.5826
2023-12-15,spy,-0.6182
2023-12-18,spy,0.338
2023-12-19,spy,0.1548
2023-12-20,spy,-0.1895
2023-12-21,spy,0.8123
2023-12-22,spy,0.2922
2023-12-26,spy,0.0993
2023-12-27,spy,-0.0747
2023-12-28,spy,0.1048
2023-12-29,spy,-0.0379
2024-01-02,spy,-0.6012
2024-01-03,spy,-0.4947
2024-01-04,spy,-0.0528
2024-01-05,spy,-0.0667
2024-01-08,spy,0.1469
2024-01-09,spy,-0.6153
2024-01-10,spy,0.1246
2024-01-11,spy,0.1677
2024-01-12,spy,0.3126
2024-01-16,spy,-0.3577
2024-01-17,spy,-0.7156
2024-01-18,spy,0.3293
2024-01-19,spy,0.1341
2024-01-22,spy,0.3309
2024-01-23,spy,0.0541
2024-01-24,spy,0.4733
2024-01-25,spy,0.3534
2024-01-26,spy,-0.0646
2024-01-29,spy,-0.0092
2024-01-30,spy,-0.1295
2024-01-31,spy,-0.5145
2024-02-01,spy,0.4506
2024-02-02,spy,0.0683
2024-02-05,spy,-0.2665
2024-02-06,spy,0.1873
2024-02-07,spy,0.4194
2024-02-08,spy,-0.0621
2024-02-09,spy,0.0442
2024-02-12,spy,-0.0161
2024-02-13,spy,-1.3633
2024-02-14,spy,0.5527
2024-02-15,spy,0.1515
2024-02-16,spy,-0.1416
2024-02-20,spy,-0.33
2024-02-21,spy,-0.3338
2024-02-22,spy,1.1704
2024-02-23,spy,0.4071
2024-02-26,spy,0.1037
2024-02-27,spy,0.0591
2024-02-28,spy,-0.3496
2024-02-29,spy,0.4063
2024-03-01,spy,0.2511
2024-03-04,spy,-0.1569
2024-03-05,spy,-0.4283
2024-03-06,spy,0.6518
2024-03-07,spy,0.5835
2024-03-08,spy,0.1503
2024-03-11,spy,-0.2646
2024-03-12,spy,0.4156
2024-03-13,spy,-0.0497
2024-03-14,spy,0.1092
2024-03-15,spy,-0.8524
2024-03-18,spy,0.9032
2024-03-19,spy,-0.3127
2024-03-20,spy,-0.0477
2024-03-21,spy,0.4671
2024-03-22,spy,0.0096
2024-03-25,spy,-0.2634
2024-03-26,spy,0.2023
2024-03-27,spy,0.5228
2024-03-28,spy,-0.0839
2024-04-01,spy,0.0536
2024-04-02,spy,-0.7961
2024-04-03,spy,-0.1999
2024-04-04,spy,0.7144
2024-04-05,spy,0.3068
2024-04-08,spy,0.1413
2024-04-09,spy,0.3031
2024-04-10,spy,-1.2681
2024-04-11,spy,0.1369
2024-04-12,spy,-0.6611
2024-04-15,spy,0.7212
2024-04-16,spy,-0.0083
2024-04-17,spy,0.4424
2024-04-18,spy,0.202
2024-04-19,spy,-0.082
2024-04-22,spy,0.386
2024-04-23,spy,0.3721
2024-04-24,spy,0.0707
2024-04-25,spy,-1.2839
2024-04-26,spy,0.4623
2024-04-29,spy,0.3889
2024-04-30,spy,-0.3947
2024-05-01,spy,-0.1814
2024-05-02,spy,0.6614
2024-05-03,spy,1.1239
2024-05-06,spy,0.3823
2024-05-07,spy,0.2116
2024-05-08,spy,-0.326
2024-05-09,spy,0.0315
2024-05-10,spy,0.254
2024-05-13,spy,0.2565
2024-05-14,spy,0.0483
2024-05-15,spy,0.491
2024-05-16,spy,0.0298
2024-05-17,spy,0.013
2024-05-20,spy,0.0318
2024-05-21,spy,-0.2116
2024-05-22,spy,-0.1566
2024-05-23,spy,0.4222
2024-05-24,spy,0.3078
2024-05-28,spy,0.1395
2024-05-29,spy,-0.8097
2024-05-30,spy,-0.3117
2024-05-31,spy,0.1575
2024-06-03,spy,0.2216
2024-06-04,spy,-0.3089
2024-06-05,spy,0.3422
2024-06-06,spy,-0.0063
2024-06-07,spy,-0.3223
2024-06-10,spy,-0.2366
2024-06-11,spy,-0.4514
2024-06-12,spy,0.8425
2024-06-13,spy,0.2093
2024-06-14,spy,-0.3072
2024-06-17,spy,-0.1744
2024-06-18,spy,0.013
2024-06-20,spy,0.0356
2024-06-21,spy,-0.4951
2024-06-24,spy,-0.0183
2024-06-25,spy,0.1221
2024-06-26,spy,-0.3152
2024-06-27,spy,-0.0455
2024-06-28,spy,0.057
2024-07-01,spy,0.2742
2024-07-02,spy,-0.2764
2024-07-08,spy,0.124
2024-07-09,spy,0.0986
2024-07-10,spy,0.1913
2024-07-11,spy,0.0321
2024-07-12,spy,0.2043
2024-07-15,spy,0.3528
2024-07-16,spy,0.2288
2024-07-17,spy,-1
2024-07-18,spy,0.1772
2024-07-19,spy,-0.1557
2024-07-22,spy,0.5728
2024-07-23,spy,-0.0959
2024-07-24,spy,-0.8794
2024-07-25,spy,-0.064
2024-07-26,spy,0.5579
2024-07-29,spy,0.0619
2024-07-30,spy,0.2903
2024-07-31,spy,1.1535
2024-08-01,spy,0.4467
2024-08-02,spy,-1.4923
2024-08-05,spy,-4.0254
2024-08-06,spy,0.3213
2024-08-07,spy,1.2138
2024-08-08,spy,0.9468
2024-08-09,spy,-0.1229
2024-08-12,spy,0.1757
2024-08-13,spy,0.6386
2024-08-14,spy,0.1537
2024-08-15,spy,1.1016
2024-08-16,spy,-0.2854
2024-08-19,spy,0.079
2024-08-20,spy,-0.0561
2024-08-21,spy,0.1372
2024-08-22,spy,0.3451
2024-08-23,spy,0.4488
2024-08-26,spy,0.1894
2024-08-27,spy,-0.3029
2024-08-28,spy,-0.035
2024-08-29,spy,0.2841
2024-08-30,spy,0.396
2024-09-03,spy,-0.5562
2024-09-04,spy,-0.3695
2024-09-05,spy,-0.0019
2024-09-06,spy,0.1983
2024-09-09,spy,0.7757
2024-09-10,spy,0.325
2024-09-11,spy,-0.1875
2024-09-12,spy,0.0502
2024-09-13,spy,0.078
2024-09-16,spy,-0.0418
2024-09-17,spy,0.3685
2024-09-18,spy,-0.0719
2024-09-19,spy,1.5823
2024-09-20,spy,-0.5819
2024-09-23,spy,0.0849
2024-09-24,spy,0.0214
2024-09-25,spy,0.016
2024-09-26,spy,0.665
2024-09-27,spy,0.142
2024-09-30,spy,-0.1275
2024-10-01,spy,-0.2977
2024-10-02,spy,-0.3388
2024-10-03,spy,-0.2737
2024-10-04,spy,0.6765
2024-10-07,spy,-0.3279
2024-10-08,spy,0.3684
2024-10-09,spy,-0.0958
2024-10-10,spy,-0.2938
2024-10-11,spy,0.0485
2024-10-14,spy,0.1905
2024-10-15,spy,0.0216
2024-10-16,spy,-0.1279
2024-10-17,spy,0.5025
2024-10-18,spy,0.1265
2024-10-21,spy,-0.1255
2024-10-22,spy,-0.5812
2024-10-23,spy,-0.3913
2024-10-24,spy,0.1624
2024-10-25,spy,0.5157
2024-10-28,spy,0.4529
2024-10-29,spy,-0.3171
2024-10-30,spy,-0.116
2024-10-31,spy,-0.9535
2024-11-01,spy,0.5068
2024-11-04,spy,-0.0435
2024-11-05,spy,0.3109
2024-11-06,spy,1.9707
2024-11-07,spy,0.3575
2024-11-08,spy,0.1245
2024-11-11,spy,0.2624
2024-11-12,spy,-0.0817
2024-11-13,spy,0.0203
2024-11-14,spy,0.0102
2024-11-15,spy,-0.6077
2024-11-18,spy,-0.0596
2024-11-19,spy,-0.5286
2024-11-20,spy,-0.0231
2024-11-21,spy,0.4509
2024-11-22,spy,-0.0459
2024-11-25,spy,0.5677
2024-11-26,spy,0.2528
2024-11-27,spy,-0.1415
2024-12-03,spy,-0.0963
2024-12-04,spy,0.258
2024-12-05,spy,-0.017
2024-12-06,spy,0.1561
2024-12-09,spy,-0.0729
2024-12-10,spy,-0.0102
2024-12-11,spy,0.4475
2024-12-12,spy,-0.2555
2024-12-13,spy,0.2412
2024-12-16,spy,0.2495
2024-12-17,spy,-0.5054
2024-12-18,spy,-0.0863
2024-12-19,spy,0.9455
2024-12-20,spy,-0.7051
2024-12-23,spy,0.0869
2024-12-27,spy,-0.6734
2024-12-30,spy,-1.3437
2024-12-31,spy,0.2438
2025-01-02,spy,0.5673
2025-01-03,spy,0.5363
2025-01-06,spy,0.6829
2025-01-07,spy,0.3159
2025-01-08,spy,-0.1249
2025-01-10,spy,-0.8862
2025-01-13,spy,-0.8683
2025-01-14,spy,0.2832
2025-01-15,spy,1.3839
2025-01-16,spy,0.0629
2025-01-17,spy,0.7912
2025-01-21,spy,0.4468
2025-01-22,spy,0.4524
2025-01-23,spy,-0.1471
2025-01-24,spy,0.001
2025-01-27,spy,-1.773
2025-01-28,spy,-0.0066
2025-01-29,spy,-0.2004
2025-01-30,spy,0.3562
2025-01-31,spy,0.421
2025-02-03,spy,-1.4485
2025-02-04,spy,-0.0835
2025-02-05,spy,-0.2725
2025-02-06,spy,0.1784
2025-02-07,spy,0.1034
2025-02-10,spy,0.4941
2025-02-11,spy,-0.3524
2025-02-12,spy,-1.1169
2025-02-13,spy,0.1969
2025-02-14,spy,0.0108
2025-02-18,spy,0.0854
2025-02-19,spy,-0.2595
2025-02-20,spy,-0.2569
2025-02-21,spy,-0.1563
2025-02-24,spy,0.3532
2025-02-25,spy,-0.1454
2025-02-26,spy,0.2073
2025-02-27,spy,0.3518
2025-02-28,spy,-0.1323
2025-03-03,spy,0.3899
2025-03-04,spy,-0.9352
2025-03-05,spy,-0.0019
2025-03-06,spy,-1.4218
2025-03-07,spy,-0.225
2025-03-10,spy,-1.2926
2025-03-11,spy,-0.2575
2025-03-12,spy,1.1625
2025-03-13,spy,-0.2188
2025-03-14,spy,0.7856
2025-03-17,spy,0.0319
2025-03-18,spy,-0.5195
2025-03-19,spy,0.2005
2025-03-20,spy,-0.6923
2025-03-21,spy,-1.2151
2025-03-24,spy,1.0417
2025-03-25,spy,0.1951
2025-03-26,spy,-0.0487
2025-03-27,spy,-0.2984
2025-03-28,spy,-0.4155
2025-03-31,spy,-1.0956
2025-04-01,spy,-0.5137
2025-04-02,spy,-0.9745
2025-04-03,spy,-3.2265
2025-04-04,spy,-2.4477
2025-04-07,spy,-3.3364
2025-04-08,spy,3.1121
2025-04-09,spy,-0.2855
2025-04-10,spy,-2.2402
2025-04-11,spy,-0.4724
2025-04-14,spy,1.5212
2025-04-15,spy,0.1065
2025-04-16,spy,-0.9323
2025-04-17,spy,0.3232
2025-04-21,spy,-1.0521
2025-04-22,spy,1.1075
2025-04-23,spy,2.6058
2025-04-24,spy,0.2438
2025-04-25,spy,-0.0363
2025-04-28,spy,0.2592
2025-04-29,spy,-0.2759
2025-04-30,spy,-1.5679
2025-05-01,spy,0.8742
2025-05-02,spy,1.1539
2025-05-05,spy,-0.758
2025-05-06,spy,-0.9251
2025-05-07,spy,0.3087
2025-05-08,spy,0.6439
2025-05-09,spy,0.3245
2025-05-12,spy,2.6845
2025-05-13,spy,-0.0297
2025-05-14,spy,0.1891
2025-05-15,spy,-0.2901
2025-05-16,spy,-0.0246
2025-05-19,spy,-0.9668
2025-05-20,spy,-0.2883
2025-05-21,spy,-0.6099
2025-05-22,spy,-0.0091
2025-05-23,spy,-1.1956
2025-05-27,spy,1.0499
2025-05-28,spy,0.0395
2025-05-29,spy,0.6778
2025-05-30,spy,-0.3162
2025-06-02,spy,-0.2062
2025-06-03,spy,-0.0198
2025-06-04,spy,0.1478
2025-06-05,spy,0.1227
2025-06-06,spy,0.9503
2025-06-09,spy,-0.0233
2025-06-10,spy,0.1017
2025-06-11,spy,-0.0433
2025-06-12,spy,-0.271
2025-06-13,spy,-0.646
2025-06-16,spy,0.6633
2025-06-17,spy,-0.3883
2025-06-18,spy,-0.0149
2025-06-20,spy,0.0604
2025-06-23,spy,-0.0069
2025-06-24,spy,0.7062
2025-06-25,spy,0.175
2025-06-26,spy,0.314
2025-06-27,spy,0.1895
2025-06-30,spy,0.2721
2025-07-01,spy,-0.2196
2025-07-02,spy,-0.163
2025-07-08,spy,-0.0191
2025-07-09,spy,0.4273
2025-07-10,spy,-0.0432
2025-07-11,spy,-0.5144
2025-07-14,spy,-0.1554
2025-07-15,spy,0.4368
2025-07-16,spy,0.1785
2025-07-17,spy,0.0465
2025-07-18,spy,0.1447
2025-07-21,spy,0.1941
2025-07-22,spy,-0.0845
2025-07-23,spy,0.3034
2025-07-24,spy,-0.0227
2025-07-25,spy,0.0577
2025-07-28,spy,0.0353
2025-07-29,spy,0.175
2025-07-30,spy,0.0104
2025-07-31,spy,0.6028
2025-08-01,spy,-1.0855
2025-08-04,spy,0.7253
2025-08-05,spy,0.0044
2025-08-06,spy,0.1383
2025-08-07,spy,0.5004
2025-08-08,spy,0.2865
2025-08-11,spy,-0.0227
2025-08-12,spy,0.2949
2025-08-13,spy,0.3302
2025-08-14,spy,-0.3934
2025-08-15,spy,0.0267
2025-08-18,spy,-0.1014
2025-08-19,spy,-0.1394
2025-08-20,spy,-0.1931
2025-08-21,spy,-0.4677
2025-08-22,spy,0.3013
2025-08-25,spy,-0.2646
2025-08-26,spy,-0.0384
2025-08-27,spy,-0.057
2025-08-28,spy,0.1447
2025-08-29,spy,-0.2218
2025-09-02,spy,-1.4068
2025-09-03,spy,0.3097
2025-09-04,spy,0.092
2025-09-05,spy,0.4436
2025-09-08,spy,0.1276
2025-09-09,spy,0.0355
2025-09-10,spy,0.3658
2025-09-11,spy,0.3102
2025-09-12,spy,-0.0278
2025-09-15,spy,0.3462
2025-09-16,spy,0.0372
2025-09-17,spy,0.0145
2025-09-18,spy,0.4013
2025-09-19,spy,-0.0973
2025-09-22,spy,-0.1944
2025-09-23,spy,-0.0235
2025-09-24,spy,0.1017
2025-09-25,spy,-0.6222
2025-09-26,spy,0.1818
2025-09-29,spy,0.3437
2025-09-30,spy,-0.1078
2025-10-01,spy,-0.3206
2025-10-02,spy,0.2307
2025-10-03,spy,0.1803
2025-10-06,spy,0.2767
2025-10-07,spy,0.1193
2025-10-08,spy,0.1258
2025-10-09,spy,0.0848
2025-10-10,spy,0.1804
2025-10-13,spy,1.2319
2025-10-14,spy,-1.0079
2025-10-15,spy,0.6317
2025-10-16,spy,0.3197
2025-10-17,spy,-0.152
2025-10-20,spy,0.5739
2025-10-21,spy,-0.0519
2025-10-22,spy,-0.0802
2025-10-23,spy,0.0244
2025-10-24,spy,0.5762
2025-10-27,spy,0.8074
2025-10-28,spy,0.2401
2025-10-29,spy,0.1943
2025-10-30,spy,-0.6072
2025-10-31,spy,0.6172
2025-11-03,spy,0.4173
2025-11-04,spy,-1.1078
2025-11-05,spy,-0.0992
2025-11-06,spy,-0.1433
2025-11-07,spy,-0.5955
2025-11-10,spy,1.0059
2025-11-11,spy,-0.183
2025-11-12,spy,0.1371
2025-11-13,spy,-0.4818
2025-11-14,spy,-1.1243
2025-11-17,spy,-0.4193
2025-11-18,spy,-0.7322
2025-11-19,spy,0.0387
2025-11-20,spy,1.6193
2025-11-21,spy,0.2909
2025-11-24,spy,0.6622
2025-11-25,spy,-0.037
2025-11-26,spy,0.4102
2025-12-02,spy,0.215
2025-12-03,spy,-0.1705
2025-12-04,spy,0.1296
2025-12-05,spy,0.2404
2025-12-08,spy,0.0416
2025-12-09,spy,-0.1102
2025-12-10,spy,-0.1483
2025-12-11,spy,-0.4064
2025-12-12,spy,-0.1379
2025-12-15,spy,0.4439
2025-12-16,spy,-0.0818
2025-12-17,spy,0.1382
2025-12-18,spy,1.0068
2025-12-19,spy,0.1344
2025-12-22,spy,0.5196
2025-12-23,spy,0.068
2025-12-29,spy,-0.4093
2025-12-30,spy,-0.0881
2025-12-31,spy,-0.0123
2026-01-02,spy,0.4731
2026-01-05,spy,0.5789
2026-01-06,spy,0.0647
2026-01-07,spy,-0.0154
2026-01-08,spy,-0.1567
2026-01-09,spy,0.1543
2026-01-12,spy,-0.3626
2026-01-13,spy,-0.004
2026-01-14,spy,-0.5393
2026-01-15,spy,0.5333
2026-01-16,spy,0.2135
2026-01-20,spy,-1.416
2026-01-21,spy,0.2624
2026-01-22,spy,0.6543
2026-01-23,spy,-0.1111
2026-01-26,spy,0.2359
2026-01-27,spy,0.1361
2026-01-28,spy,0.2589
2026-01-29,spy,0.0808
2026-01-30,spy,-0.3727
2026-02-02,spy,-0.2632
2026-02-03,spy,0.0937
2026-02-04,spy,-0.0516
2026-02-05,spy,-1.0263
2026-02-06,spy,0.6078
2026-02-09,spy,-0.2918
2026-02-10,spy,0.1545
2026-02-11,spy,0.6735
2026-02-12,spy,0.2952
2026-02-13,spy,0.073
2026-02-17,spy,-0.0752
2026-02-18,spy,0.1415
2026-02-19,spy,-0.3342
2026-02-20,spy,-0.3861
2026-02-23,spy,-0.1125
2026-02-24,spy,-0.267
2026-02-25,spy,0.453
2026-02-26,spy,-0.1063
2026-02-27,spy,-0.9463
2026-03-02,spy,-0.946
2026-03-03,spy,-1.5095
2026-03-04,spy,0.2451
2026-03-05,spy,-0.3537
2026-03-06,spy,-1.3631
2026-03-09,spy,-0.9022
2026-03-10,spy,-0.009
2026-03-11,spy,0.0663
2026-03-12,spy,-0.9859
2026-03-13,spy,0.5423
2026-03-16,spy,0.8973
2026-03-17,spy,0.5348
2026-03-18,spy,-0.3723
2026-03-19,spy,-0.853
2026-03-20,spy,-0.6559
2026-03-23,spy,1.3649
2026-03-24,spy,-0.5136
2026-03-25,spy,0.9899
2026-03-26,spy,-0.798
2026-03-27,spy,-0.6528
2026-03-30,spy,0.9264
2026-03-31,spy,1.1217
2026-04-01,spy,0.525
2026-04-02,spy,-1.23
2026-04-06,spy,0.0911
2026-04-07,spy,-0.4875
2026-04-08,spy,2.4117
2026-04-09,spy,-0.1687
2026-04-10,spy,0.2173
2026-04-13,spy,-0.2975
2026-04-14,spy,0.282
2026-04-15,spy,0.0665
2026-04-16,spy,0.0828
2026-04-17,spy,0.6888
2026-04-20,spy,-0.2047
2026-04-21,spy,0.0432
2026-04-22,spy,0.6457
2026-04-23,spy,-0.2438
2026-04-24,spy,0.2034
2026-04-27,spy,-0.054
2026-04-28,spy,-0.6256
2026-04-29,spy,-0.238
2026-04-30,spy,0.1862
2026-05-01,spy,0.3941
2026-05-04,spy,-0.1718
2026-05-05,spy,0.4765
2026-05-06,spy,0.6257
2026-05-07,spy,0.0826
2026-05-08,spy,0.4396
2026-05-11,spy,-0.0549
2026-05-12,spy,-0.4497
2026-05-13,spy,-0.1537
2026-05-14,spy,0.2583
2026-05-15,spy,-1.0274
2026-05-18,spy,0.0303
2026-05-19,spy,-0.6098
2026-05-20,spy,0.1793
2026-05-21,spy,-0.52
2026-05-22,spy,0.5427
2026-05-26,spy,0.5003
2026-05-27,spy,0.0053
2026-05-28,spy,-0.1066
2026-05-29,spy,0.1494
2026-06-01,spy,-0.1854
2026-06-02,spy,-0.1551
2026-06-03,spy,-0.1545
2026-06-04,spy,-0.3316
2026-06-05,spy,-0.6434
2026-06-08,spy,0.8343
2026-06-09,spy,0.5766
2026-06-10,spy,-0.5689
2026-06-11,spy,0.3169
2026-06-12,spy,0.1917
2026-06-15,spy,1.4258
2026-06-16,spy,-0.0016
2026-06-17,spy,-0.0413
2026-06-18,spy,0.822
2026-06-22,spy,0.2815
2026-06-23,spy,-1.4863
2026-06-24,spy,0.084
2026-06-25,spy,0.6308
2026-06-26,spy,-0.5812
2026-06-29,spy,1.0513
2026-06-30,spy,0.0585
2026-07-01,spy,-0.3574
2026-07-02,spy,0.2804
2026-07-06,spy,0.4606
2026-07-07,spy,-0.1158
2026-07-08,spy,-0.572
2026-07-09,spy,0.0324
2026-07-10,spy,0.0765
2026-07-13,spy,-0.2161
2026-07-14,spy,0.0801
2026-07-15,spy,0.3403
2026-07-16,spy,-0.2188
2026-07-17,spy,-1.1384
2026-07-20,spy,0.5343
2026-07-21,spy,0.4153
2026-07-22,spy,-0.1689
2026-07-23,spy,-1.0585
2026-07-24,spy,0.0358
2026-07-27,spy,0.7352
2026-07-28,spy,-0.1225
2026-07-29,spy,-0.3018
2026-07-30,spy,0.7821
2026-07-31,spy,0.4614
2026-08-03,spy,0.3803
2026-08-04,spy,0.4693
2026-08-05,spy,0.6004
2026-08-06,spy,-0.0099
2026-08-07,spy,0.3112
2026-08-10,spy,-0.009
2026-08-11,spy,0.026
2026-08-12,spy,0.309
2026-08-13,spy,0.2136
2026-08-14,spy,0.0371
2026-08-17,spy,-0.0104
2026-08-18,spy,-0.4824
2026-08-19,spy,0.3475
2026-08-20,spy,-0.3623
2026-08-21,spy,0.3152
2026-08-24,spy,-0.2397
2026-08-25,spy,0.3161
2026-08-26,spy,-0.0896
2026-08-27,spy,0.1571
2026-08-28,spy,0.0423
2026-08-31,spy,-0.296
2026-09-01,spy,-0.7164
2026-09-02,spy,-0.0111
2026-09-03,spy,0.3728
2026-09-04,spy,-0.1242
2026-09-08,spy,-0.2158
2026-09-09,spy,-0.3134
2026-09-10,spy,-0.6196
2026-09-11,spy,0.8438
2026-09-14,spy,-0.7444
2026-09-15,spy,-0.2555
2026-09-16,spy,0.2213
2026-09-17,spy,1.0251
2026-09-18,spy,-0.1698
2026-09-21,spy,0.5532
2026-09-22,spy,0.1435
2026-09-23,spy,-0.1111
2026-09-24,spy,-0.4905
2026-09-25,spy,0.1385
2026-09-28,spy,-0.4703
2026-09-29,spy,0.0122
