date,sym,side,value,price,fee
2017-01-31,BIL,buy,5.0129,73.09,0.005
2017-01-31,MU,buy,16.3325,24.11,0.0163
2017-01-31,AMAT,buy,16.3325,34.25,0.0163
2017-01-31,HAL,buy,16.3325,56.57,0.0163
2017-01-31,CHTR,buy,16.3325,323.95,0.0163
2017-01-31,MS,buy,16.3325,42.49,0.0163
2017-01-31,WMB,buy,16.3325,28.84,0.0163
2017-01-31,BAC,buy,16.3325,22.64,0.0163
2017-01-31,SCHW,buy,16.3325,41.24,0.0163
2017-01-31,NSC,buy,16.3325,117.46,0.0163
2017-01-31,GS,buy,16.3325,229.32,0.0163
2017-01-31,CAT,buy,16.3325,95.66,0.0163
2017-01-31,EOG,buy,16.3325,101.58,0.0163
2017-01-31,JPM,buy,16.3325,84.63,0.0163
2017-01-31,QCOM,buy,16.3325,53.43,0.0163
2017-01-31,TMUS,buy,16.0827,62.27,0.0161
2017-02-28,JPM,sell,17.4885,90.62,0.0175
2017-02-28,QCOM,sell,17.2648,56.48,0.0173
2017-02-28,NSC,sell,16.8289,121.03,0.0168
2017-02-28,CAT,sell,16.5032,96.66,0.0165
2017-02-28,WMB,sell,16.0493,28.34,0.016
2017-02-28,BIL,sell,5.015,73.12,0.005
2017-02-28,NTES,buy,16.9864,61.01,0.017
2017-02-28,APC,buy,16.9864,64.65,0.017
2017-02-28,INCY,buy,16.9864,133.1,0.017
2017-02-28,MGM,buy,16.9864,26.29,0.017
2017-02-28,MCHP,buy,16.9864,36.26,0.017
2017-03-31,MGM,sell,17.7036,27.4,0.0177
2017-03-31,MCHP,sell,17.2816,36.89,0.0173
2017-03-31,TMUS,sell,16.6819,64.59,0.0167
2017-03-31,APC,sell,16.2902,62,0.0163
2017-03-31,NTES,sell,15.8143,56.8,0.0158
2017-03-31,EOG,sell,15.6845,97.55,0.0157
2017-03-31,MU,sell,2.7312,28.9,0.0027
2017-03-31,HAL,buy,2.6385,49.21,0.0026
2017-03-31,BIL,buy,2.7123,73.11,0.0027
2017-03-31,WDC,buy,16.8461,82.53,0.0168
2017-03-31,JPM,buy,16.8461,87.84,0.0168
2017-03-31,PNC,buy,16.8461,120.24,0.0168
2017-03-31,BA,buy,16.8461,176.86,0.0168
2017-03-31,C,buy,16.8461,59.82,0.0168
2017-03-31,AMZN,buy,16.4411,44.33,0.0164
2017-04-28,BA,sell,17.6052,184.83,0.0176
2017-04-28,PNC,sell,16.7774,119.75,0.0168
2017-04-28,C,sell,16.649,59.12,0.0166
2017-04-28,INCY,sell,15.8608,124.28,0.0159
2017-04-28,HAL,sell,15.7061,45.88,0.0157
2017-04-28,BIL,sell,2.7142,73.16,0.0027
2017-04-28,STX,buy,17.0041,42.13,0.017
2017-04-28,AAPL,buy,17.0041,35.91,0.017
2017-04-28,AVGO,buy,17.0041,22.08,0.017
2017-04-28,UAL,buy,17.0041,70.21,0.017
2017-04-28,BABA,buy,17.0041,115.5,0.017
2017-05-31,UAL,sell,19.2952,79.67,0.0193
2017-05-31,AVGO,sell,18.4442,23.95,0.0184
2017-05-31,AMZN,sell,18.4439,49.73,0.0184
2017-05-31,BABA,sell,18.0288,122.46,0.018
2017-05-31,STX,sell,17.5853,43.57,0.0176
2017-05-31,JPM,sell,15.7549,82.15,0.0158
2017-05-31,SCHW,sell,15.3463,38.75,0.0153
2017-05-31,GS,sell,15.0462,211.26,0.015
2017-05-31,AMAT,sell,4.2797,45.88,0.0043
2017-05-31,MOMO,buy,17.5987,38.04,0.0176
2017-05-31,GEN,buy,17.5987,30.31,0.0176
2017-05-31,BBY,buy,17.5987,59.39,0.0176
2017-05-31,ADSK,buy,17.5987,111.77,0.0176
2017-05-31,NTES,buy,17.5987,56.96,0.0176
2017-05-31,BKNG,buy,17.5987,75.08,0.0176
2017-05-31,MAR,buy,17.5987,107.65,0.0176
2017-05-31,TSLA,buy,17.5987,22.73,0.0176
2017-06-30,NTES,sell,18.5781,60.13,0.0186
2017-06-30,BKNG,sell,17.5377,74.82,0.0175
2017-06-30,MOMO,sell,17.099,36.96,0.0171
2017-06-30,BBY,sell,16.9883,57.33,0.017
2017-06-30,CHTR,sell,16.9828,336.85,0.017
2017-06-30,GEN,sell,16.4026,28.25,0.0164
2017-06-30,ADSK,sell,15.8746,100.82,0.0159
2017-06-30,JD,buy,17.2547,39.22,0.0173
2017-06-30,ALGN,buy,17.2547,150.12,0.0173
2017-06-30,AAL,buy,17.2547,50.32,0.0173
2017-06-30,TMUS,buy,17.2547,60.62,0.0173
2017-06-30,SCHW,buy,17.2547,42.96,0.0173
2017-06-30,BABA,buy,17.2547,140.9,0.0173
2017-06-30,DE,buy,16.969,123.59,0.017
2017-07-31,ALGN,sell,19.2213,167.23,0.0192
2017-07-31,DE,sell,17.6129,128.28,0.0176
2017-07-31,AAPL,sell,17.6055,37.18,0.0176
2017-07-31,TMUS,sell,17.5507,61.66,0.0176
2017-07-31,AAL,sell,17.2958,50.44,0.0173
2017-07-31,SCHW,sell,17.2306,42.9,0.0172
2017-07-31,MAR,sell,17.033,104.19,0.017
2017-07-31,JD,sell,3.1013,45.17,0.0031
2017-07-31,BIL,buy,13.7141,73.27,0.0137
2017-07-31,AAOI,buy,16.7711,97.49,0.0168
2017-07-31,LUV,buy,16.7711,55.51,0.0168
2017-07-31,UAL,buy,16.7711,67.68,0.0168
2017-07-31,C,buy,16.7711,68.45,0.0168
2017-07-31,PNC,buy,16.7711,128.8,0.0168
2017-07-31,NTES,buy,16.7711,62.26,0.0168
2017-07-31,BA,buy,12.0573,242.46,0.0121
2017-08-31,AMAT,sell,17.3072,45.12,0.0173
2017-08-31,C,sell,16.6682,68.03,0.0167
2017-08-31,PNC,sell,16.3297,125.41,0.0163
2017-08-31,UAL,sell,15.3537,61.96,0.0154
2017-08-31,NTES,sell,14.8613,55.17,0.0149
2017-08-31,BIL,sell,13.731,73.36,0.0137
2017-08-31,AAOI,sell,10.1704,59.12,0.0102
2017-08-31,BABA,sell,3.8024,171.74,0.0038
2017-08-31,BA,buy,5.3109,239.66,0.0053
2017-08-31,MOMO,buy,17.229,38.53,0.0172
2017-08-31,PYPL,buy,17.229,61.68,0.0172
2017-08-31,BBY,buy,17.229,54.26,0.0172
2017-08-31,DE,buy,17.229,115.93,0.0172
2017-08-31,CHTR,buy,17.229,398.54,0.0172
2017-08-31,AAPL,buy,16.5518,41,0.0166
2017-09-29,DE,sell,18.6646,125.59,0.0187
2017-09-29,LUV,sell,16.9131,55.98,0.0169
2017-09-29,MOMO,sell,14.0139,31.34,0.014
2017-09-29,MU,sell,5.4873,39.33,0.0055
2017-09-29,JD,buy,3.2553,38.2,0.0033
2017-09-29,AMAT,buy,17.4385,52.09,0.0174
2017-09-29,ELV,buy,17.4385,189.88,0.0174
2017-09-29,C,buy,16.8366,72.74,0.0168
2017-10-31,MS,sell,19.2192,50,0.0192
2017-10-31,WDC,sell,18.2219,89.27,0.0182
2017-10-31,BBY,sell,17.7751,55.98,0.0178
2017-10-31,AAPL,sell,17.0605,42.26,0.0171
2017-10-31,CHTR,sell,14.4462,334.17,0.0144
2017-10-31,LRCX,buy,18.1898,20.86,0.0182
2017-10-31,ABBV,buy,18.1898,90.25,0.0182
2017-10-31,CI,buy,18.1898,197.22,0.0182
2017-10-31,ISRG,buy,18.1898,125.12,0.0182
2017-10-31,CAT,buy,13.7903,135.8,0.0138
2017-11-30,ELV,sell,21.5786,234.96,0.0216
2017-11-30,BAC,sell,20.3218,28.17,0.0203
2017-11-30,ABBV,sell,19.5342,96.92,0.0195
2017-11-30,CI,sell,19.5281,211.73,0.0195
2017-11-30,C,sell,17.4755,75.5,0.0175
2017-11-30,JD,sell,17.0961,37.45,0.0171
2017-11-30,LRCX,sell,16.7685,19.23,0.0168
2017-11-30,CAT,sell,14.3336,141.15,0.0143
2017-11-30,PYPL,sell,5.2279,75.73,0.0052
2017-11-30,BA,sell,3.9733,276.8,0.004
2017-11-30,ISRG,sell,3.4476,133.26,0.0034
2017-11-30,MU,sell,2.8697,42.39,0.0029
2017-11-30,XYZ,buy,15.9256,39.22,0.0159
2017-11-30,TTWO,buy,15.9256,111.55,0.0159
2017-11-30,ADSK,buy,15.9256,109.7,0.0159
2017-11-30,ADBE,buy,15.9256,181.47,0.0159
2017-11-30,AVGO,buy,15.9256,27.79,0.0159
2017-11-30,AAPL,buy,15.9256,42.96,0.0159
2017-11-30,META,buy,15.9256,177.18,0.0159
2017-11-30,MAR,buy,15.9256,127,0.0159
2017-11-30,BIL,buy,34.4261,73.5,0.0344
2017-12-29,TSLA,sell,16.0734,20.76,0.0161
2017-12-29,META,sell,15.8609,176.46,0.0159
2017-12-29,AAPL,sell,15.6846,42.31,0.0157
2017-12-29,TTWO,sell,15.6729,109.78,0.0157
2017-12-29,ADSK,sell,15.2186,104.83,0.0152
2017-12-29,BABA,sell,4.5228,172.43,0.0045
2017-12-29,AMAT,sell,4.3383,51.12,0.0043
2017-12-29,MAR,sell,4.2449,135.73,0.0042
2017-12-29,BA,sell,4.1921,294.91,0.0042
2017-12-29,RIOT,buy,12.7754,28.4,0.0128
2017-12-29,NXH,buy,12.7754,63.9,0.0128
2017-12-29,ELV,buy,12.7754,225.01,0.0128
2017-12-29,ABBV,buy,12.7754,96.71,0.0128
2017-12-29,AMZN,buy,12.7754,58.47,0.0128
2017-12-29,BIL,buy,31.74,73.55,0.0317
2018-01-31,BIL,sell,52.5074,73.65,0.0525
2018-01-31,AMZN,sell,15.8584,72.58,0.0159
2018-01-31,AVGO,sell,14.2121,24.8,0.0142
2018-01-31,ELV,sell,14.0722,247.85,0.0141
2018-01-31,AMAT,sell,13.4027,53.63,0.0134
2018-01-31,RIOT,sell,6.1853,13.75,0.0062
2018-01-31,BA,buy,3.1351,354.37,0.0031
2018-01-31,BABA,buy,3.3504,204.29,0.0034
2018-01-31,ABBV,buy,3.6621,112.22,0.0037
2018-01-31,MAR,buy,4.6182,147.34,0.0046
2018-01-31,NXH,buy,4.7513,68.7,0.0048
2018-01-31,ALGN,buy,18.4863,262,0.0185
2018-01-31,VRTX,buy,18.4863,166.71,0.0185
2018-01-31,WYNN,buy,18.4863,165.5,0.0185
2018-01-31,CAT,buy,18.4863,162.78,0.0185
2018-01-31,STZ,buy,18.4863,219.47,0.0185
2018-02-28,WYNN,sell,18.7097,167.5,0.0187
2018-02-28,ADBE,sell,18.353,209.13,0.0184
2018-02-28,STZ,sell,18.1503,215.48,0.0182
2018-02-28,MAR,sell,17.7172,141.21,0.0177
2018-02-28,CAT,sell,17.5608,154.63,0.0176
2018-02-28,NXH,sell,16.2529,60.4,0.0163
2018-02-28,ABBV,sell,5.2403,115.83,0.0052
2018-02-28,BA,sell,5.0546,362.21,0.0051
2018-02-28,XYZ,sell,4.8582,46.05,0.0049
2018-02-28,ALGN,sell,4.6823,262.52,0.0047
2018-02-28,VRTX,sell,4.5702,166.03,0.0046
2018-02-28,MU,sell,4.4968,48.81,0.0045
2018-02-28,ISRG,sell,3.1473,142.15,0.0031
2018-02-28,BABA,sell,3.0032,186.14,0.003
2018-02-28,WB,buy,13.8407,128.52,0.0138
2018-02-28,TTWO,buy,13.8407,111.87,0.0138
2018-02-28,NFLX,buy,13.8407,29.14,0.0138
2018-02-28,OLED,buy,13.8407,129.8,0.0138
2018-02-28,MELI,buy,13.8407,387.97,0.0138
2018-02-28,CBOE,buy,13.8407,112.01,0.0138
2018-02-28,BIL,buy,62.5261,73.71,0.0625
2018-03-29,CBOE,sell,14.099,114.1,0.0141
2018-03-29,VRTX,sell,13.5865,162.98,0.0136
2018-03-29,ALGN,sell,13.2402,251.13,0.0132
2018-03-29,WB,sell,12.8737,119.54,0.0129
2018-03-29,MELI,sell,12.7141,356.39,0.0127
2018-03-29,OLED,sell,10.7698,101,0.0108
2018-03-29,PYPL,sell,3.8018,75.87,0.0038
2018-03-29,NKTR,buy,12.1532,1593.9,0.0122
2018-03-29,NTNX,buy,12.1532,49.11,0.0122
2018-03-29,NOW,buy,12.1532,33.09,0.0122
2018-03-29,AMZN,buy,12.1532,72.37,0.0122
2018-03-29,RHT,buy,12.1532,149.51,0.0122
2018-03-29,CAT,buy,12.1532,147.38,0.0122
2018-03-29,BIL,buy,8.0035,73.81,0.008
2018-04-30,RHT,sell,13.2547,163.06,0.0133
2018-04-30,NTNX,sell,12.5195,50.59,0.0125
2018-04-30,TTWO,sell,12.3363,99.71,0.0123
2018-04-30,CAT,sell,11.9042,144.36,0.0119
2018-04-30,ABBV,sell,11.5369,96.55,0.0115
2018-04-30,NKTR,sell,9.5684,1254.9,0.0096
2018-04-30,NFLX,sell,2.8695,31.25,0.0029
2018-04-30,BIL,buy,11.2634,73.89,0.0113
2018-04-30,ADBE,buy,11.9734,221.6,0.012
2018-04-30,MA,buy,11.9734,178.27,0.012
2018-04-30,MSCI,buy,11.9734,149.83,0.012
2018-04-30,WYNN,buy,11.9734,186.19,0.012
2018-04-30,GWW,buy,11.9734,281.35,0.012
2018-04-30,NBIS,buy,2.7114,33.36,0.0027
2018-05-31,ISRG,sell,14.9186,153.22,0.0149
2018-05-31,BABA,sell,14.7234,198.01,0.0147
2018-05-31,GWW,sell,13.1497,308.99,0.0131
2018-05-31,PYPL,sell,13.1464,82.07,0.0131
2018-05-31,MSCI,sell,12.9915,162.57,0.013
2018-05-31,MA,sell,12.7693,190.12,0.0128
2018-05-31,XYZ,sell,4.857,58.25,0.0049
2018-05-31,MU,sell,3.6799,57.59,0.0037
2018-05-31,NBIS,sell,2.7244,33.52,0.0027
2018-05-31,BIL,buy,8.2339,74,0.0082
2018-05-31,RHT,buy,12.6506,162.42,0.0127
2018-05-31,VLO,buy,12.6506,121.2,0.0127
2018-05-31,ALGN,buy,12.6506,331.95,0.0127
2018-05-31,KSS,buy,12.6506,66.75,0.0127
2018-05-31,WB,buy,12.6506,101.91,0.0127
2018-05-31,ABBV,buy,12.6506,98.94,0.0127
2018-05-31,EL,buy,8.6372,149.44,0.0086
2018-06-29,AMZN,sell,14.2726,84.99,0.0143
2018-06-29,ABBV,sell,11.8463,92.65,0.0118
2018-06-29,WB,sell,11.0182,88.76,0.011
2018-06-29,WYNN,sell,10.7612,167.34,0.0108
2018-06-29,EL,sell,8.2471,142.69,0.0082
2018-06-29,NFLX,sell,3.6541,39.14,0.0037
2018-06-29,NKTR,buy,11.3424,732.45,0.0113
2018-06-29,SRPT,buy,11.3424,132.18,0.0113
2018-06-29,DINO,buy,11.3424,68.43,0.0113
2018-06-29,TAL,buy,11.3424,36.8,0.0113
2018-06-29,LULU,buy,11.3424,124.85,0.0113
2018-06-29,BIL,buy,2.9681,74.11,0.003
2018-07-31,KSS,sell,13.9999,73.87,0.014
2018-07-31,BA,sell,13.6149,356.3,0.0136
2018-07-31,DINO,sell,12.3617,74.58,0.0124
2018-07-31,NKTR,sell,12.2181,789,0.0122
2018-07-31,RHT,sell,11.0001,141.23,0.011
2018-07-31,LULU,sell,10.8972,119.95,0.0109
2018-07-31,SRPT,sell,9.9746,116.24,0.01
2018-07-31,TAL,sell,9.8598,31.99,0.0099
2018-07-31,BIL,sell,4.7211,74.21,0.0047
2018-07-31,GWW,buy,12.4101,346.56,0.0124
2018-07-31,AMZN,buy,12.4101,88.87,0.0124
2018-07-31,FOXA,buy,12.4101,45,0.0124
2018-07-31,ILMN,buy,12.4101,324.36,0.0124
2018-07-31,MA,buy,12.4101,198,0.0124
2018-07-31,COP,buy,12.4101,72.17,0.0124
2018-07-31,ISRG,buy,12.4101,169.4,0.0124
2018-07-31,CRM,buy,11.5796,137.15,0.0116
2018-08-31,BIL,sell,42.7607,74.33,0.0428
2018-08-31,ALGN,sell,14.7291,386.49,0.0147
2018-08-31,NOW,sell,14.423,39.27,0.0144
2018-08-31,ISRG,sell,13.6753,186.67,0.0137
2018-08-31,CRM,sell,12.8908,152.68,0.0129
2018-08-31,GWW,sell,12.679,354.07,0.0127
2018-08-31,COP,buy,3.7353,73.43,0.0037
2018-08-31,FOXA,buy,3.8416,45.4,0.0038
2018-08-31,VLO,buy,4.058,117.88,0.0041
2018-08-31,MU,buy,4.8252,52.52,0.0048
2018-08-31,NFLX,buy,5.7065,36.77,0.0057
2018-08-31,LULU,buy,16.362,154.93,0.0164
2018-08-31,M,buy,16.362,36.55,0.0164
2018-08-31,APC,buy,16.362,64.4,0.0164
2018-08-31,ROST,buy,16.362,95.78,0.0164
2018-08-31,MPC,buy,16.362,82.29,0.0164
2018-09-28,COP,sell,17.2466,77.4,0.0172
2018-09-28,APC,sell,17.1268,67.41,0.0171
2018-09-28,ROST,sell,16.9292,99.1,0.0169
2018-09-28,MPC,sell,15.9007,79.97,0.0159
2018-09-28,M,sell,15.5473,34.73,0.0155
2018-09-28,MU,sell,14.0909,45.23,0.0141
2018-09-28,ILMN,sell,14.0438,367.06,0.014
2018-09-28,MA,sell,13.9526,222.61,0.014
2018-09-28,XYZ,sell,4.8289,99.01,0.0048
2018-09-28,ROKU,buy,16.6738,73.03,0.0167
2018-09-28,AMD,buy,16.6738,30.88,0.0167
2018-09-28,WCG,buy,16.6738,320.49,0.0167
2018-09-28,NOW,buy,16.6738,39.13,0.0167
2018-09-28,CRM,buy,16.6738,159.03,0.0167
2018-09-28,PANW,buy,16.6738,37.54,0.0167
2018-09-28,ISRG,buy,16.6738,191.33,0.0167
2018-09-28,NKE,buy,16.6738,84.72,0.0167
2018-10-31,NOW,sell,15.4295,36.21,0.0154
2018-10-31,ISRG,sell,15.14,173.73,0.0151
2018-10-31,NKE,sell,14.7687,75.04,0.0148
2018-10-31,CRM,sell,14.3892,137.24,0.0144
2018-10-31,WCG,sell,14.3586,275.99,0.0144
2018-10-31,PANW,sell,13.5513,30.51,0.0136
2018-10-31,ADBE,sell,13.2788,245.76,0.0133
2018-10-31,FOXA,sell,12.8813,45.52,0.0129
2018-10-31,VLO,sell,12.6435,91.09,0.0126
2018-10-31,LULU,sell,11.3384,140.73,0.0113
2018-10-31,NFLX,sell,9.9056,30.18,0.0099
2018-10-31,AMD,sell,9.8326,18.21,0.0098
2018-10-31,ROKU,sell,9.1703,55.6,0.0092
2018-10-31,XYZ,sell,8.8453,73.45,0.0088
2018-10-31,AMZN,sell,7.6335,79.9,0.0076
2018-10-31,AMRN,buy,3.524,416.6,0.0035
2018-10-31,TWLO,buy,3.524,75.22,0.0035
2018-10-31,HCA,buy,3.524,133.53,0.0035
2018-10-31,GWW,buy,3.524,283.97,0.0035
2018-10-31,ILMN,buy,3.524,311.15,0.0035
2018-10-31,EW,buy,3.524,49.2,0.0035
2018-10-31,TJX,buy,3.524,54.94,0.0035
2018-10-31,ALGN,buy,3.524,221.2,0.0035
2018-10-31,ESRX,buy,3.524,96.97,0.0035
2018-10-31,BIL,buy,154.0611,74.56,0.1541
2018-11-30,BIL,sell,115.4924,74.7,0.1155
2018-11-30,GWW,sell,3.8972,314.04,0.0039
2018-11-30,EW,sell,3.8678,54,0.0039
2018-11-30,ILMN,sell,3.8224,337.5,0.0038
2018-11-30,AMZN,sell,3.7273,84.51,0.0037
2018-11-30,ALGN,sell,3.6625,229.89,0.0037
2018-11-30,LULU,sell,3.3192,132.55,0.0033
2018-11-30,AMRN,sell,3.0452,360,0.003
2018-11-30,ROKU,sell,2.5828,40.75,0.0026
2018-11-30,TWLO,buy,6.8389,94.49,0.0068
2018-11-30,FOXA,buy,7.4359,49.47,0.0074
2018-11-30,HCA,buy,7.4657,143.99,0.0075
2018-11-30,ESRX,buy,7.5782,101.47,0.0076
2018-11-30,XYZ,buy,7.9149,69.84,0.0079
2018-11-30,NFLX,buy,7.925,28.61,0.0079
2018-11-30,TJX,buy,8.1323,48.85,0.0081
2018-11-30,DXCM,buy,11.2657,32.4,0.0113
2018-11-30,AMD,buy,11.2657,21.3,0.0113
2018-11-30,BURL,buy,11.2657,165.76,0.0113
2018-11-30,KSS,buy,11.2657,67.17,0.0113
2018-11-30,NOW,buy,11.2657,37.05,0.0113
2018-11-30,M,buy,11.2657,34.22,0.0113
2018-11-30,LW,buy,11.2657,76.7,0.0113
2018-11-30,TGT,buy,10.9792,70.96,0.011
2018-12-31,KSS,sell,11.1265,66.34,0.0111
2018-12-31,BURL,sell,11.0557,162.67,0.0111
2018-12-31,FOXA,sell,10.9583,48.12,0.011
2018-12-31,NOW,sell,10.8279,35.61,0.0108
2018-12-31,LW,sell,10.8045,73.56,0.0108
2018-12-31,TWLO,sell,10.6469,89.3,0.0106
2018-12-31,NFLX,sell,10.5412,26.77,0.0105
2018-12-31,DXCM,sell,10.4138,29.95,0.0104
2018-12-31,TJX,sell,10.3179,44.74,0.0103
2018-12-31,TGT,sell,10.2257,66.09,0.0102
2018-12-31,M,sell,9.804,29.78,0.0098
2018-12-31,AMD,sell,9.7636,18.46,0.0098
2018-12-31,HCA,sell,9.7369,124.45,0.0097
2018-12-31,XYZ,sell,9.0477,56.09,0.009
2018-12-31,BIL,buy,144.9805,74.83,0.145
2019-02-28,BIL,sell,121.609,75.1,0.1216
2019-02-28,TWLO,buy,8.1073,121.69,0.0081
2019-02-28,CRON,buy,8.1073,21.64,0.0081
2019-02-28,AMD,buy,8.1073,23.53,0.0081
2019-02-28,XLNX,buy,8.1073,125.3,0.0081
2019-02-28,XYZ,buy,8.1073,81.24,0.0081
2019-02-28,LLY,buy,8.1073,126.29,0.0081
2019-02-28,ORLY,buy,8.1073,24.8,0.0081
2019-02-28,W,buy,8.1073,165.68,0.0081
2019-02-28,BSX,buy,8.1073,40.12,0.0081
2019-02-28,MRK,buy,8.1073,81.29,0.0081
2019-02-28,FOXA,buy,8.1073,50.43,0.0081
2019-02-28,WDAY,buy,8.1073,197.93,0.0081
2019-02-28,AZO,buy,8.1073,938.97,0.0081
2019-02-28,TJX,buy,8.1073,51.29,0.0081
2019-02-28,CRM,buy,7.8643,163.65,0.0079
2019-03-29,AZO,sell,8.8425,1024.12,0.0088
2019-03-29,ORLY,sell,8.4636,25.89,0.0085
2019-03-29,TJX,sell,8.4108,53.21,0.0084
2019-03-29,CRM,sell,7.6106,158.37,0.0076
2019-03-29,CRON,sell,6.9047,18.43,0.0069
2019-03-29,FOXA,sell,5.9016,36.71,0.0059
2019-03-29,AMD,sell,2.6413,25.52,0.0026
2019-03-29,TWLO,sell,2.4546,129.18,0.0025
2019-03-29,ROKU,buy,6.1516,64.51,0.0062
2019-03-29,LULU,buy,6.1516,163.87,0.0062
2019-03-29,ONCE,buy,6.1516,113.88,0.0062
2019-03-29,MLNX,buy,6.1516,118.36,0.0062
2019-03-29,ULTA,buy,6.1516,348.73,0.0062
2019-03-29,NOW,buy,6.1516,49.3,0.0062
2019-03-29,BIL,buy,14.2174,75.24,0.0142
2019-04-30,BIL,sell,8.3069,75.38,0.0083
2019-04-30,W,sell,7.9345,162.15,0.0079
2019-04-30,MRK,sell,7.85,78.71,0.0078
2019-04-30,BSX,sell,7.501,37.12,0.0075
2019-04-30,MLNX,sell,6.2525,120.3,0.0063
2019-04-30,ULTA,sell,6.1561,348.98,0.0062
2019-04-30,ONCE,sell,5.7632,106.69,0.0058
2019-04-30,SHOP,buy,7.5594,24.35,0.0076
2019-04-30,AMT,buy,7.5594,195.3,0.0076
2019-04-30,PG,buy,7.5594,106.48,0.0076
2019-04-30,WP,buy,7.5594,117.21,0.0076
2019-04-30,INTU,buy,7.5594,251.06,0.0076
2019-04-30,PYPL,buy,7.5594,112.77,0.0076
2019-05-31,WP,sell,7.8451,121.64,0.0078
2019-05-31,INTU,sell,7.3724,244.85,0.0074
2019-05-31,PYPL,sell,7.357,109.75,0.0074
2019-05-31,LULU,sell,6.2162,165.59,0.0062
2019-05-31,XYZ,sell,6.1822,61.95,0.0062
2019-05-31,ROKU,sell,4.1447,90.4,0.0041
2019-05-31,SHOP,sell,4.0584,27.49,0.0041
2019-05-31,WDAY,sell,3.885,204.12,0.0039
2019-05-31,AMT,sell,3.605,208.77,0.0036
2019-05-31,LLY,sell,2.9671,115.94,0.003
2019-05-31,PG,sell,2.8302,102.91,0.0028
2019-05-31,OKTA,buy,4.4758,113.22,0.0045
2019-05-31,MELI,buy,4.4758,570.52,0.0045
2019-05-31,AZO,buy,4.4758,1027.11,0.0045
2019-05-31,QCOM,buy,4.4758,66.82,0.0045
2019-05-31,CHTR,buy,4.4758,376.8,0.0045
2019-05-31,BIL,buy,38.2801,75.54,0.0383
2019-06-28,BIL,sell,49.8688,75.68,0.0499
2019-06-28,QCOM,sell,5.0954,76.07,0.0051
2019-06-28,PG,sell,4.7689,109.65,0.0048
2019-06-28,CHTR,sell,4.6941,395.18,0.0047
2019-06-28,AMT,sell,4.3832,204.45,0.0044
2019-06-28,LLY,sell,4.277,110.79,0.0043
2019-06-28,SHOP,buy,3.7629,30.01,0.0038
2019-06-28,OKTA,buy,3.7664,123.51,0.0038
2019-06-28,MELI,buy,3.8496,611.77,0.0038
2019-06-28,AZO,buy,3.8578,1099.47,0.0039
2019-06-28,WDAY,buy,4.1411,205.58,0.0041
2019-06-28,ROKU,buy,4.1643,90.58,0.0042
2019-06-28,MDB,buy,8.6489,152.09,0.0086
2019-06-28,TTD,buy,8.6489,22.78,0.0086
2019-06-28,VEEV,buy,8.6489,162.11,0.0086
2019-06-28,SBUX,buy,8.6489,83.83,0.0086
2019-06-28,WP,buy,8.6489,122.55,0.0086
2019-07-31,BIL,sell,38.7068,75.81,0.0387
2019-07-31,OKTA,sell,9.1615,130.83,0.0092
2019-07-31,VEEV,sell,8.8511,165.9,0.0089
2019-07-31,AZO,sell,8.8344,1123.04,0.0088
2019-07-31,MDB,sell,8.1445,143.22,0.0081
2019-07-31,MELI,buy,2.7918,621.42,0.0028
2019-07-31,WDAY,buy,3.1638,199.98,0.0032
2019-07-31,XLNX,buy,4.1874,114.21,0.0042
2019-07-31,AMD,buy,4.2371,30.45,0.0042
2019-07-31,NOW,buy,4.6543,55.48,0.0047
2019-07-31,TWLO,buy,4.9526,139.11,0.005
2019-07-31,DATA,buy,11.5771,169.53,0.0116
2019-07-31,AMT,buy,11.5771,211.62,0.0116
2019-07-31,DHR,buy,11.5771,140.5,0.0116
2019-07-31,PYPL,buy,11.5771,110.38,0.0116
2019-07-31,PG,buy,9.4101,118.04,0.0094
2019-08-30,AMD,sell,11.9573,31.45,0.012
2019-08-30,PYPL,sell,11.4376,109.05,0.0114
2019-08-30,BIL,sell,8.1081,75.94,0.0081
2019-08-30,PG,buy,2.7494,120.23,0.0027
2019-08-30,TTD,buy,3.0018,24.58,0.003
2019-08-30,AZO,buy,12.3341,1101.69,0.0123
2019-08-30,ULTA,buy,12.3341,237.73,0.0123
2019-08-30,AVGO,buy,1.0206,28.26,0.001
2019-09-30,ULTA,sell,13.0045,250.65,0.013
2019-09-30,DHR,sell,11.9009,144.43,0.0119
2019-09-30,NOW,sell,10.5943,50.77,0.0106
2019-09-30,MELI,sell,10.2695,551.23,0.0103
2019-09-30,WDAY,sell,9.8392,169.96,0.0098
2019-09-30,XLNX,sell,9.7211,95.9,0.0097
2019-09-30,TTD,sell,9.4087,18.75,0.0094
2019-09-30,PG,sell,2.765,124.38,0.0028
2019-09-30,AVGO,sell,0.9972,27.61,0.001
2019-09-30,MDB,buy,9.9949,120.48,0.01
2019-09-30,OKTA,buy,9.9949,98.46,0.01
2019-09-30,ZS,buy,9.9949,47.26,0.01
2019-09-30,VEEV,buy,9.9949,152.69,0.01
2019-09-30,DG,buy,9.9949,158.94,0.01
2019-09-30,NVR,buy,9.9949,3717.35,0.01
2019-09-30,EL,buy,9.9949,198.95,0.01
2019-09-30,LRCX,buy,8.3795,23.11,0.0084
2019-10-31,AZO,sell,12.8121,1144.38,0.0128
2019-10-31,AMT,sell,11.9305,218.08,0.0119
2019-10-31,MDB,sell,10.5996,127.77,0.0106
2019-10-31,DG,sell,10.0829,160.34,0.0101
2019-10-31,PG,sell,10.0053,124.51,0.01
2019-10-31,NVR,sell,9.7777,3636.59,0.0098
2019-10-31,ZS,sell,9.3012,43.98,0.0093
2019-10-31,VEEV,sell,9.284,141.83,0.0093
2019-10-31,ROKU,sell,5.9035,147.2,0.0059
2019-10-31,OKTA,sell,2.9202,109.07,0.0029
2019-10-31,TEAM,buy,8.1517,120.79,0.0082
2019-10-31,AMD,buy,8.1517,33.93,0.0082
2019-10-31,RNG,buy,8.1517,161.52,0.0082
2019-10-31,AMAT,buy,8.1517,54.26,0.0082
2019-10-31,NOW,buy,8.1517,49.45,0.0082
2019-10-31,GPN,buy,8.1517,169.18,0.0082
2019-10-31,NXPI,buy,8.1517,113.68,0.0082
2019-10-31,MA,buy,8.1517,276.81,0.0082
2019-10-31,BIL,buy,27.2179,76.19,0.0272
2019-11-29,BIL,sell,9.9246,76.27,0.0099
2019-11-29,EL,sell,9.82,195.47,0.0098
2019-11-29,OKTA,sell,9.6996,129.78,0.0097
2019-11-29,NOW,sell,9.3321,56.61,0.0093
2019-11-29,SBUX,sell,8.814,85.43,0.0088
2019-11-29,RNG,sell,8.7044,172.47,0.0087
2019-11-29,MA,sell,8.6058,292.23,0.0086
2019-11-29,TWLO,sell,8.5952,103.28,0.0086
2019-11-29,TEAM,sell,8.5783,127.11,0.0086
2019-11-29,NXPI,sell,8.288,115.58,0.0083
2019-11-29,MDCO,buy,9.6968,84.2,0.0097
2019-11-29,PDD,buy,9.6968,35.95,0.0097
2019-11-29,LULU,buy,9.6968,225.69,0.0097
2019-11-29,MELI,buy,9.6968,580.58,0.0097
2019-11-29,BX,buy,9.6968,54.22,0.0097
2019-11-29,TTD,buy,9.6968,26.33,0.0097
2019-11-29,TGT,buy,9.6968,125.01,0.0097
2019-11-29,JD,buy,9.6968,32.65,0.0097
2019-11-29,LHX,buy,9.6968,201.09,0.0097
2019-12-31,BIL,sell,12.6956,76.35,0.0127
2019-12-31,JD,sell,10.463,35.23,0.0105
2019-12-31,PDD,sell,10.2011,37.82,0.0102
2019-12-31,BX,sell,10.0044,55.94,0.01
2019-12-31,MDCO,sell,9.782,84.94,0.0098
2019-12-31,MELI,sell,9.5525,571.94,0.0096
2019-12-31,LHX,sell,9.5415,197.87,0.0095
2019-12-31,ROKU,buy,3.4569,133.9,0.0035
2019-12-31,RH,buy,10.8721,213.5,0.0109
2019-12-31,AAPL,buy,10.8721,73.41,0.0109
2019-12-31,TIF,buy,10.8721,133.65,0.0109
2019-12-31,CHTR,buy,10.8721,485.08,0.0109
2019-12-31,EW,buy,10.8721,77.76,0.0109
2019-12-31,NOW,buy,10.8721,56.46,0.0109
2020-01-31,NOW,sell,13.0268,67.65,0.013
2020-01-31,CHTR,sell,11.5978,517.46,0.0116
2020-01-31,TIF,sell,10.9022,134.02,0.0109
2020-01-31,RH,sell,10.6302,208.75,0.0106
2020-01-31,EW,sell,10.2471,73.29,0.0102
2020-01-31,SHOP,sell,2.9647,46.57,0.003
2020-01-31,BIL,buy,9.5993,76.45,0.0096
2020-01-31,PAYC,buy,10.4569,318.16,0.0105
2020-01-31,QCOM,buy,10.4569,85.31,0.0105
2020-01-31,SWKS,buy,10.4569,113.15,0.0105
2020-01-31,TSM,buy,10.4569,53.94,0.0105
2020-01-31,ZTS,buy,10.4569,134.21,0.0105
2020-02-28,TTD,sell,10.5806,28.73,0.0106
2020-02-28,TSM,sell,10.4375,53.84,0.0104
2020-02-28,ZTS,sell,10.3805,133.23,0.0104
2020-02-28,SWKS,sell,9.2583,100.18,0.0093
2020-02-28,GPN,sell,8.8644,183.97,0.0089
2020-02-28,AMAT,sell,8.7317,58.12,0.0087
2020-02-28,TGT,sell,7.9895,103,0.008
2020-02-28,AMD,sell,6.5509,45.48,0.0066
2020-02-28,LRCX,sell,6.2627,29.34,0.0063
2020-02-28,SHOP,sell,6.0273,46.33,0.006
2020-02-28,AAPL,sell,5.7454,68.34,0.0057
2020-02-28,QCOM,sell,5.2219,78.3,0.0052
2020-02-28,LULU,sell,4.9653,217.41,0.005
2020-02-28,PAYC,sell,4.914,282.65,0.0049
2020-02-28,ROKU,sell,4.8537,113.67,0.0049
2020-02-28,ENPH,buy,4.3758,48.97,0.0044
2020-02-28,RNG,buy,4.3758,235.75,0.0044
2020-02-28,BX,buy,4.3758,53.84,0.0044
2020-02-28,TSLA,buy,4.3758,44.53,0.0044
2020-02-28,SPCE,buy,4.3758,492,0.0044
2020-02-28,DXCM,buy,4.3758,69,0.0044
2020-02-28,ASML,buy,4.3758,276.71,0.0044
2020-02-28,BIL,buy,83.6154,76.54,0.0836
2020-03-31,AMD,sell,4.3758,45.48,0.0044
2020-03-31,DXCM,sell,4.2692,67.32,0.0043
2020-03-31,ASML,sell,4.1374,261.64,0.0041
2020-03-31,AAPL,sell,4.0703,63.57,0.0041
2020-03-31,SHOP,sell,3.9375,41.69,0.0039
2020-03-31,RNG,sell,3.9333,211.91,0.0039
2020-03-31,LULU,sell,3.815,189.55,0.0038
2020-03-31,QCOM,sell,3.7806,67.65,0.0038
2020-03-31,BX,sell,3.7036,45.57,0.0037
2020-03-31,LRCX,sell,3.5793,24,0.0036
2020-03-31,TSLA,sell,3.4324,34.93,0.0034
2020-03-31,ROKU,sell,3.3676,87.48,0.0034
2020-03-31,PAYC,sell,3.1274,202.01,0.0031
2020-03-31,ENPH,sell,2.8853,32.29,0.0029
2020-03-31,SPCE,sell,2.629,295.6,0.0026
2020-03-31,BIL,buy,54.9337,76.69,0.0549
2020-05-29,BIL,sell,73.5381,76.67,0.0735
2020-05-29,INO,buy,4.9025,177,0.0049
2020-05-29,TSLA,buy,4.9025,55.67,0.0049
2020-05-29,NVAX,buy,4.9025,46.04,0.0049
2020-05-29,ENPH,buy,4.9025,58.19,0.0049
2020-05-29,TDOC,buy,4.9025,174.06,0.0049
2020-05-29,DXCM,buy,4.9025,94.58,0.0049
2020-05-29,PDD,buy,4.9025,66.87,0.0049
2020-05-29,SHOP,buy,4.9025,75.78,0.0049
2020-05-29,B,buy,4.9025,24,0.0049
2020-05-29,MRNA,buy,4.9025,61.5,0.0049
2020-05-29,SE,buy,4.9025,79.8,0.0049
2020-05-29,NEM,buy,4.9025,58.47,0.0049
2020-05-29,AMD,buy,4.9025,53.8,0.0049
2020-05-29,RNG,buy,4.9025,274.25,0.0049
2020-05-29,DOCU,buy,4.7556,139.84,0.0048
2020-06-30,B,sell,5.5031,26.94,0.0055
2020-06-30,NEM,sell,5.1767,61.74,0.0052
2020-06-30,AMD,sell,4.7941,52.61,0.0048
2020-06-30,INO,sell,3.7541,323.4,0.0038
2020-06-30,NVAX,sell,3.6721,83.35,0.0037
2020-06-30,GOTU,buy,5.2034,59.99,0.0052
2020-06-30,QDEL,buy,5.2034,223.74,0.0052
2020-06-30,ZM,buy,5.2034,253.54,0.0052
2020-06-30,BIL,buy,7.2442,76.67,0.0072
2020-07-31,QDEL,sell,6.5693,282.47,0.0066
2020-07-31,RNG,sell,5.1889,290.27,0.0052
2020-07-31,ENPH,sell,5.0854,60.36,0.0051
2020-07-31,NVAX,sell,3.3571,143.1,0.0034
2020-07-31,TSLA,sell,2.8232,95.38,0.0028
2020-07-31,WKHS,buy,5.5764,46560,0.0056
2020-07-31,FSLY,buy,5.5764,96.49,0.0056
2020-07-31,DKNG,buy,5.5764,33.375,0.0056
2020-07-31,BIL,buy,6.2487,76.67,0.0062
2020-08-31,WKHS,sell,6.507,54330,0.0065
2020-08-31,DXCM,sell,5.5126,106.35,0.0055
2020-08-31,TSLA,sell,4.717,166.11,0.0047
2020-08-31,SE,sell,4.3933,152.81,0.0044
2020-08-31,INO,sell,2.315,143.88,0.0023
2020-08-31,NXH,buy,4.9946,87.5,0.005
2020-08-31,QDEL,buy,4.9946,175.96,0.005
2020-08-31,LVGO,buy,4.9946,137.3,0.005
2020-08-31,BIL,buy,8.4141,76.67,0.0084
2020-09-30,SHOP,sell,6.6182,102.3,0.0066
2020-09-30,QDEL,sell,6.2271,219.38,0.0062
2020-09-30,TDOC,sell,6.1751,219.24,0.0062
2020-09-30,PDD,sell,5.4363,74.15,0.0054
2020-09-30,DKNG,sell,4.2851,58.84,0.0043
2020-09-30,ZM,sell,4.102,470.11,0.0041
2020-09-30,NIO,buy,5.5461,21.22,0.0055
2020-09-30,INO,buy,5.5461,139.2,0.0055
2020-09-30,WKHS,buy,5.5461,75840,0.0055
2020-09-30,HYLN,buy,5.5461,49.83,0.0055
2020-09-30,BIL,buy,9.733,76.66,0.0097
2020-10-30,BIL,sell,15.5634,76.67,0.0156
2020-10-30,DOCU,sell,6.878,202.25,0.0069
2020-10-30,INO,sell,4.7094,118.2,0.0047
2020-10-30,NXH,sell,3.2023,56.1,0.0032
2020-10-30,NVAX,sell,3.1451,80.71,0.0031
2020-10-30,HYLN,sell,2.1058,18.92,0.0021
2020-10-30,RUN,buy,5.703,52.02,0.0057
2020-10-30,ENPH,buy,5.703,98.09,0.0057
2020-10-30,PTON,buy,5.703,110.21,0.0057
2020-10-30,W,buy,5.703,248.03,0.0057
2020-10-30,PENN,buy,5.703,53.98,0.0057
2020-10-30,SHOP,buy,5.703,92.54,0.0057
2020-11-30,NIO,sell,7.4628,50.53,0.0075
2020-11-30,PENN,sell,7.3955,70,0.0074
2020-11-30,SHOP,sell,6.7198,109.04,0.0067
2020-11-30,MRNA,sell,6.4321,152.74,0.0064
2020-11-30,PTON,sell,6.0207,116.35,0.006
2020-11-30,W,sell,5.8485,254.36,0.0058
2020-11-30,FSLY,sell,4.899,84.77,0.0049
2020-11-30,NVAX,buy,5.7437,139.5,0.0057
2020-11-30,FVRR,buy,5.7437,200.33,0.0057
2020-11-30,BLNK,buy,5.7437,25.25,0.0057
2020-11-30,BNTX,buy,5.7437,124.24,0.0057
2020-11-30,PLUG,buy,5.7437,26.39,0.0057
2020-11-30,BIL,buy,18.1463,76.66,0.0181
2020-12-31,FVRR,sell,5.5938,195.1,0.0056
2020-12-31,ENPH,sell,5.0294,175.47,0.005
2020-12-31,BLNK,sell,4.5521,42.75,0.0046
2020-12-31,GOTU,sell,4.4852,51.71,0.0045
2020-12-31,WKHS,sell,4.3394,59340,0.0043
2020-12-31,BNTX,sell,3.7687,81.52,0.0038
2020-12-31,FCEL,buy,5.1724,335.1,0.0052
2020-12-31,NET,buy,5.1724,75.99,0.0052
2020-12-31,JMIA,buy,5.1724,40.35,0.0052
2020-12-31,FSLY,buy,5.1724,87.37,0.0052
2020-12-31,BIL,buy,7.0234,76.66,0.007
2021-01-29,PLUG,sell,9.376,63.17,0.0094
2021-01-29,RUN,sell,7.5941,69.27,0.0076
2021-01-29,SE,sell,7.0832,216.71,0.0071
2021-01-29,FSLY,sell,6.4737,109.35,0.0065
2021-01-29,FCEL,sell,5.2405,622.8,0.0052
2021-01-29,NET,sell,5.218,76.66,0.0052
2021-01-29,DKNG,sell,5.1002,54.11,0.0051
2021-01-29,NVAX,sell,4.7241,220.94,0.0047
2021-01-29,TSLA,sell,3.5806,264.51,0.0036
2021-01-29,RIOT,buy,4.3728,20.52,0.0044
2021-01-29,MARA,buy,4.3728,20.74,0.0044
2021-01-29,WKHS,buy,4.3728,102960,0.0044
2021-01-29,GME,buy,4.3728,81.25,0.0044
2021-01-29,PTON,buy,4.3728,146.13,0.0044
2021-01-29,BIL,buy,32.4178,76.66,0.0324
2021-02-26,MRNA,sell,5.8216,154.81,0.0058
2021-02-26,RIOT,sell,5.3164,43.74,0.0053
2021-02-26,ENPH,sell,5.1898,176.06,0.0052
2021-02-26,ZM,sell,4.4076,373.61,0.0044
2021-02-26,TSLA,sell,3.7224,225.17,0.0037
2021-02-26,PTON,sell,3.6049,120.47,0.0036
2021-02-26,BNGO,buy,4.0045,5838,0.004
2021-02-26,APPS,buy,4.0045,82.57,0.004
2021-02-26,FUTU,buy,4.0045,152.79,0.004
2021-02-26,DQ,buy,4.0045,104.25,0.004
2021-02-26,EH,buy,4.0045,46.33,0.004
2021-02-26,BIL,buy,7.9842,76.65,0.008
2021-03-31,MARA,sell,6.3356,48.02,0.0063
2021-03-31,BLNK,sell,4.9728,41.1,0.005
2021-03-31,BNGO,sell,3.3254,4848,0.0033
2021-03-31,EH,sell,3.2015,37.04,0.0032
2021-03-31,DQ,sell,2.9001,75.5,0.0029
2021-03-31,WKHS,sell,1.7545,41310,0.0018
2021-03-31,BIL,buy,3.0182,76.64,0.003
2021-03-31,PENN,buy,3.7889,104.84,0.0038
2021-03-31,CAN,buy,3.7889,20.67,0.0038
2021-03-31,TSLA,buy,3.7889,222.64,0.0038
2021-03-31,CZR,buy,3.7889,87.45,0.0038
2021-03-31,RUN,buy,3.7889,60.48,0.0038
2021-04-30,BIL,sell,10.3229,76.64,0.0103
2021-04-30,CZR,sell,4.239,97.84,0.0042
2021-04-30,JMIA,sell,3.8995,30.42,0.0039
2021-04-30,APPS,sell,3.6582,75.43,0.0037
2021-04-30,RUN,sell,3.0697,49,0.0031
2021-04-30,CAN,sell,2.2931,12.51,0.0023
2021-04-30,FCEL,sell,2.0453,291.3,0.002
2021-04-30,MVIS,buy,4.0943,228.75,0.0041
2021-04-30,MSTR,buy,4.0943,65.72,0.0041
2021-04-30,RH,buy,4.0943,688.02,0.0041
2021-04-30,SE,buy,4.0943,252.54,0.0041
2021-04-30,BILI,buy,4.0943,110.86,0.0041
2021-04-30,FCX,buy,4.0943,37.71,0.0041
2021-05-28,BIL,sell,11.7241,76.64,0.0117
2021-05-28,MVIS,sell,4.1882,234,0.0042
2021-05-28,SE,sell,4.1056,253.24,0.0041
2021-05-28,RH,sell,3.8148,641.05,0.0038
2021-05-28,PENN,sell,2.9623,81.97,0.003
2021-05-28,LB,buy,4.5232,69.87,0.0045
2021-05-28,AA,buy,4.5232,39.67,0.0045
2021-05-28,GAP,buy,4.5232,33.45,0.0045
2021-05-28,BNTX,buy,4.5232,204,0.0045
2021-06-30,GAP,sell,4.5502,33.65,0.0046
2021-06-30,BILI,sell,4.4998,121.84,0.0045
2021-06-30,NVAX,sell,4.202,212.31,0.0042
2021-06-30,TSLA,sell,3.8557,226.57,0.0039
2021-06-30,MVIS,buy,3.7365,251.25,0.0037
2021-06-30,AMC,buy,3.7365,566.8,0.0037
2021-06-30,CLF,buy,3.7365,21.56,0.0037
2021-06-30,NTLA,buy,3.7365,161.91,0.0037
2021-06-30,BIL,buy,16.1618,76.62,0.0162
2021-07-30,BIL,sell,20.0513,76.61,0.0201
2021-07-30,BNTX,sell,7.2804,328.35,0.0073
2021-07-30,LB,sell,5.1835,80.07,0.0052
2021-07-30,AA,sell,4.5779,40.15,0.0046
2021-07-30,FCX,sell,4.1366,38.1,0.0041
2021-07-30,NTLA,sell,3.2736,141.85,0.0033
2021-07-30,MVIS,sell,3.0718,206.55,0.0031
2021-07-30,RIOT,sell,3.0167,32.95,0.003
2021-07-30,MARA,sell,2.1801,27.63,0.0022
2021-07-30,PLUG,buy,3.1293,27.28,0.0031
2021-07-30,FLNA,buy,5.0177,69.53,0.005
2021-07-30,NEGG,buy,5.0177,344,0.005
2021-07-30,PINS,buy,5.0177,58.9,0.005
2021-07-30,ENPH,buy,5.0177,189.6,0.005
2021-07-30,ROKU,buy,5.0177,428.31,0.005
2021-07-30,SNAP,buy,5.0177,74.42,0.005
2021-07-30,MRNA,buy,5.0177,353.6,0.005
2021-07-30,BILI,buy,5.0177,85.58,0.005
2021-08-31,NEGG,sell,5.6828,389.6,0.0057
2021-08-31,PLUG,sell,4.7933,26.06,0.0048
2021-08-31,PINS,sell,4.734,55.57,0.0047
2021-08-31,BILI,sell,4.704,80.23,0.0047
2021-08-31,ENPH,sell,4.5977,173.73,0.0046
2021-08-31,NIO,sell,4.4683,39.31,0.0045
2021-08-31,MARA,buy,4.9589,40.59,0.005
2021-08-31,RIOT,buy,4.9589,37.32,0.005
2021-08-31,BNTX,buy,4.9589,329.19,0.005
2021-08-31,SPRT,buy,4.9589,31.36,0.005
2021-08-31,NET,buy,4.9589,120.74,0.005
2021-08-31,M,buy,4.9589,22.39,0.005
2021-09-30,BIL,sell,36.3931,76.61,0.0364
2021-09-30,ROKU,sell,3.6709,313.35,0.0037
2021-09-30,CLF,sell,3.4333,19.81,0.0034
2021-09-30,RIOT,sell,3.4149,25.7,0.0034
2021-09-30,MARA,buy,2.8575,31.58,0.0029
2021-09-30,MSTR,buy,3.1123,57.84,0.0031
2021-09-30,AMC,buy,4.2066,380.6,0.0042
2021-09-30,FUTU,buy,4.3301,91.02,0.0043
2021-09-30,GME,buy,4.3546,43.87,0.0044
2021-09-30,AA,buy,6.7156,48.94,0.0067
2021-09-30,CROX,buy,6.7156,143.48,0.0067
2021-09-30,DVN,buy,6.7156,35.51,0.0067
2021-09-30,PLTR,buy,6.7156,24.04,0.0067
2021-10-29,NET,sell,7.9974,194.72,0.008
2021-10-29,CROX,sell,7.5567,161.45,0.0076
2021-10-29,PLTR,sell,7.2296,25.88,0.0072
2021-10-29,MARA,sell,4.4368,52.24,0.0044
2021-10-29,FUTU,sell,3.9488,53.52,0.0039
2021-10-29,SNAP,sell,3.5451,52.58,0.0035
2021-10-29,FLNA,sell,3.1125,43.13,0.0031
2021-10-29,BIL,buy,4.496,76.6,0.0045
2021-10-29,RIOT,buy,6.6723,27.22,0.0067
2021-10-29,ASAN,buy,6.6723,135.8,0.0067
2021-10-29,FANG,buy,6.6723,107.19,0.0067
2021-10-29,OXY,buy,6.6723,33.53,0.0067
2021-10-29,CAR,buy,6.6723,173.31,0.0067
2021-10-29,FCEL,buy,6.6723,239.7,0.0067
2021-11-30,MSTR,sell,8.376,72.14,0.0084
2021-11-30,FCEL,sell,7.2485,260.4,0.0072
2021-11-30,AA,sell,6.3849,46.53,0.0064
2021-11-30,OXY,sell,5.9002,29.65,0.0059
2021-11-30,BNTX,sell,5.2986,351.74,0.0053
2021-11-30,MRNA,sell,5.0011,352.43,0.005
2021-11-30,CAR,sell,3.3731,274.59,0.0034
2021-11-30,FLNA,buy,7.1984,53.49,0.0072
2021-11-30,LCID,buy,7.1984,529.8,0.0072
2021-11-30,FTNT,buy,7.1984,66.42,0.0072
2021-11-30,NET,buy,7.1984,188.24,0.0072
2021-11-30,BILL,buy,7.1984,280.85,0.0072
2021-11-30,BX,buy,7.1984,141.45,0.0072
2021-12-31,BIL,sell,11.2555,76.58,0.0113
2021-12-31,FTNT,sell,7.7902,71.88,0.0078
2021-12-31,FANG,sell,6.7134,107.85,0.0067
2021-12-31,BILL,sell,6.3859,249.15,0.0064
2021-12-31,FLNA,sell,5.881,43.7,0.0059
2021-12-31,RIOT,sell,5.4736,22.33,0.0055
2021-12-31,ASAN,buy,2.9623,74.55,0.003
2021-12-31,UPST,buy,6.6252,151.3,0.0066
2021-12-31,BNTX,buy,6.6252,257.8,0.0066
2021-12-31,MRNA,buy,6.6252,253.98,0.0066
2021-12-31,NVDA,buy,6.6252,29.41,0.0066
2021-12-31,F,buy,6.6252,20.77,0.0066
2022-01-31,M,sell,5.6699,25.6,0.0057
2022-01-31,ASAN,sell,4.6638,52.48,0.0047
2022-01-31,CAR,sell,4.6186,176.18,0.0046
2022-01-31,MRNA,sell,4.417,169.33,0.0044
2022-01-31,DVN,sell,4.4161,50.57,0.0044
2022-01-31,GME,sell,4.1684,27.23,0.0042
2022-01-31,LCID,sell,3.9932,293.9,0.004
2022-01-31,NET,sell,3.6864,96.4,0.0037
2022-01-31,MARA,sell,3.0066,23.54,0.003
2022-01-31,AA,buy,5.1476,56.71,0.0051
2022-01-31,FTNT,buy,5.1476,59.45,0.0051
2022-01-31,NUE,buy,5.1476,101.4,0.0051
2022-01-31,DJT,buy,5.1476,73.07,0.0051
2022-01-31,BILL,buy,5.1476,188.21,0.0051
2022-01-31,EPAM,buy,5.1476,476.14,0.0051
2022-01-31,FANG,buy,5.1476,126.16,0.0051
2022-01-31,ON,buy,5.1476,59,0.0051
2022-01-31,BIL,buy,5.8331,76.58,0.0058
2022-02-28,UPST,sell,6.9181,157.99,0.0069
2022-02-28,BILL,sell,6.5062,237.88,0.0065
2022-02-28,FTNT,sell,5.9659,68.9,0.006
2022-02-28,F,sell,5.6012,17.56,0.0056
2022-02-28,ON,sell,5.4626,62.61,0.0055
2022-02-28,AA,sell,3.9137,75.34,0.0039
2022-02-28,BNTX,sell,3.8756,150.81,0.0039
2022-02-28,NUE,sell,3.7567,131.62,0.0038
2022-02-28,BX,sell,3.5619,127.47,0.0036
2022-02-28,DJT,sell,3.5597,92.05,0.0036
2022-02-28,DVN,sell,3.1367,59.55,0.0031
2022-02-28,FANG,sell,2.7098,138.1,0.0027
2022-02-28,EPAM,sell,2.246,207.75,0.0022
2022-02-28,COP,buy,2.9251,94.86,0.0029
2022-02-28,EOG,buy,2.9251,114.92,0.0029
2022-02-28,APA,buy,2.9251,35.63,0.0029
2022-02-28,M,buy,2.9251,25.92,0.0029
2022-02-28,ANET,buy,2.9251,30.68,0.0029
2022-02-28,AZO,buy,2.9251,1863.39,0.0029
2022-02-28,PFE,buy,2.9251,46.94,0.0029
2022-02-28,BIL,buy,36.6872,76.57,0.0367
2022-03-31,BIL,sell,62.5821,76.58,0.0626
2022-03-31,ANET,sell,3.3121,34.74,0.0033
2022-03-31,NUE,sell,3.3035,148.65,0.0033
2022-03-31,PFE,sell,3.226,51.77,0.0032
2022-03-31,AZO,sell,3.2095,2044.58,0.0032
2022-03-31,EOG,sell,3.0348,119.23,0.003
2022-03-31,BX,sell,2.9129,126.94,0.0029
2022-03-31,FANG,sell,2.9035,137.08,0.0029
2022-03-31,M,sell,2.749,24.36,0.0027
2022-03-31,DJT,sell,2.0499,64.51,0.002
2022-03-31,AMC,buy,3.1626,246.4,0.0032
2022-03-31,AA,buy,4.0149,90.03,0.004
2022-03-31,APA,buy,4.1173,41.33,0.0041
2022-03-31,COP,buy,4.4268,100,0.0044
2022-03-31,DVN,buy,4.6059,59.13,0.0046
2022-03-31,BTU,buy,7.5103,24.53,0.0075
2022-03-31,ZIM,buy,7.5103,72.71,0.0075
2022-03-31,CAR,buy,7.5103,263.3,0.0075
2022-03-31,DDOG,buy,7.5103,151.47,0.0075
2022-03-31,LNG,buy,7.5103,138.65,0.0075
2022-03-31,FTNT,buy,7.5103,68.35,0.0075
2022-03-31,CF,buy,7.5103,103.06,0.0075
2022-03-31,PANW,buy,7.5103,103.75,0.0075
2022-03-31,OXY,buy,7.5103,56.74,0.0075
2022-04-29,BTU,sell,6.9317,22.64,0.0069
2022-04-29,PANW,sell,6.772,93.55,0.0068
2022-04-29,FTNT,sell,6.3511,57.8,0.0064
2022-04-29,DDOG,sell,5.9886,120.78,0.006
2022-04-29,NVDA,sell,4.1787,18.55,0.0042
2022-04-29,CAR,sell,3.8777,267.67,0.0039
2022-04-29,APA,sell,3.6803,40.93,0.0037
2022-04-29,DVN,sell,3.6311,58.17,0.0036
2022-04-29,LNG,sell,3.5992,135.81,0.0036
2022-04-29,OXY,sell,3.5346,55.09,0.0035
2022-04-29,COP,sell,3.4165,95.52,0.0034
2022-04-29,CF,sell,3.299,96.83,0.0033
2022-04-29,HAL,buy,3.7573,35.62,0.0038
2022-04-29,MOS,buy,3.7573,62.42,0.0038
2022-04-29,BKR,buy,3.7573,31.02,0.0038
2022-04-29,NTR,buy,3.7573,98.25,0.0038
2022-04-29,NUE,buy,3.7573,154.78,0.0038
2022-04-29,BIL,buy,37.5478,76.58,0.0375
2022-05-31,ZIM,sell,6.5766,63.67,0.0066
2022-05-31,AA,sell,5.1487,61.72,0.0051
2022-05-31,DVN,sell,4.8379,74.9,0.0048
2022-05-31,OXY,sell,4.7272,69.31,0.0047
2022-05-31,COP,sell,4.4197,112.36,0.0044
2022-05-31,AMC,sell,4.3709,143.4,0.0044
2022-05-31,BKR,sell,4.3581,35.98,0.0044
2022-05-31,APA,sell,4.3155,47.01,0.0043
2022-05-31,HAL,sell,4.2721,40.5,0.0043
2022-05-31,CF,sell,3.8326,98.77,0.0038
2022-05-31,LNG,sell,3.7839,136.77,0.0038
2022-05-31,MOS,sell,3.7712,62.65,0.0038
2022-05-31,NTR,sell,3.7168,97.19,0.0037
2022-05-31,NUE,sell,3.2155,132.46,0.0032
2022-05-31,CAR,sell,2.671,190.28,0.0027
2022-05-31,BIL,buy,63.8896,76.6,0.0639
2022-11-30,BIL,sell,112.6506,77.36,0.1127
2022-11-30,OXY,buy,7.51,69.49,0.0075
2022-11-30,VLO,buy,7.51,133.62,0.0075
2022-11-30,MPC,buy,7.51,121.81,0.0075
2022-11-30,XOM,buy,7.51,111.34,0.0075
2022-11-30,DVN,buy,7.51,68.52,0.0075
2022-11-30,SLB,buy,7.51,51.55,0.0075
2022-11-30,COP,buy,7.51,123.51,0.0075
2022-11-30,MCK,buy,7.51,381.68,0.0075
2022-11-30,APA,buy,7.51,46.85,0.0075
2022-11-30,CF,buy,7.51,108.19,0.0075
2022-11-30,HAL,buy,7.51,37.89,0.0075
2022-11-30,CI,buy,7.51,328.89,0.0075
2022-11-30,LNG,buy,7.51,175.36,0.0075
2022-11-30,VRTX,buy,7.51,316.4,0.0075
2022-11-30,LPLA,buy,7.285,236.71,0.0073
2022-12-30,HAL,sell,7.7994,39.35,0.0078
2022-12-30,SLB,sell,7.7883,53.46,0.0078
2022-12-30,CI,sell,7.566,331.34,0.0076
2022-12-30,APA,sell,7.4828,46.68,0.0075
2022-12-30,XOM,sell,7.4399,110.3,0.0074
2022-12-30,MCK,sell,7.381,375.12,0.0074
2022-12-30,MPC,sell,7.1759,116.39,0.0072
2022-12-30,COP,sell,7.175,118,0.0072
2022-12-30,VLO,sell,7.1301,126.86,0.0071
2022-12-30,VRTX,sell,6.8545,288.78,0.0069
2022-12-30,OXY,sell,6.8076,62.99,0.0068
2022-12-30,DVN,sell,6.7417,61.51,0.0067
2022-12-30,LPLA,sell,6.6528,216.17,0.0067
2022-12-30,LNG,sell,6.4222,149.96,0.0064
2022-12-30,CF,sell,5.9142,85.2,0.0059
2022-12-30,BIL,buy,106.1189,77.64,0.1061
2023-01-31,BIL,sell,164.5856,77.86,0.1646
2023-01-31,ENPH,buy,10.9724,221.38,0.011
2023-01-31,FSLR,buy,10.9724,177.6,0.011
2023-01-31,OXY,buy,10.9724,64.79,0.011
2023-01-31,MPC,buy,10.9724,128.52,0.011
2023-01-31,PDD,buy,10.9724,97.98,0.011
2023-01-31,VLO,buy,10.9724,140.03,0.011
2023-01-31,LLY,buy,10.9724,344.15,0.011
2023-01-31,MCK,buy,10.9724,378.68,0.011
2023-01-31,XOM,buy,10.9724,116.01,0.011
2023-01-31,NOC,buy,10.9724,448.04,0.011
2023-01-31,CI,buy,10.9724,316.67,0.011
2023-01-31,MRK,buy,10.9724,107.41,0.011
2023-01-31,CVX,buy,10.9724,174.02,0.011
2023-01-31,NUE,buy,10.9724,169.02,0.011
2023-01-31,SLB,buy,10.6435,56.98,0.0106
2023-02-28,NOC,sell,11.3659,464.11,0.0114
2023-02-28,NUE,sell,10.8698,167.44,0.0109
2023-02-28,CVX,sell,10.1369,160.77,0.0101
2023-02-28,CI,sell,10.121,292.1,0.0101
2023-02-28,LLY,sell,9.9225,311.22,0.0099
2023-02-28,BIL,buy,4.7552,78.13,0.0048
2023-02-28,ALB,buy,10.0323,254.31,0.01
2023-02-28,CAT,buy,10.0323,239.55,0.01
2023-02-28,VRTX,buy,10.0323,290.29,0.01
2023-02-28,URI,buy,10.0323,468.53,0.01
2023-02-28,GILD,buy,7.4269,80.53,0.0074
2023-03-31,VRTX,sell,10.8887,315.07,0.0109
2023-03-31,OXY,sell,10.5727,62.43,0.0106
2023-03-31,ENPH,sell,10.4222,210.28,0.0104
2023-03-31,MCK,sell,10.3167,356.05,0.0103
2023-03-31,CAT,sell,9.5838,228.84,0.0096
2023-03-31,ALB,sell,8.7198,221.04,0.0087
2023-03-31,BIL,sell,3.1754,78.44,0.0032
2023-03-31,FSLR,sell,3.1305,217.5,0.0031
2023-03-31,GILD,buy,2.655,82.97,0.0027
2023-03-31,STLD,buy,10.3069,113.06,0.0103
2023-03-31,FICO,buy,10.3069,702.69,0.0103
2023-03-31,LPLA,buy,10.3069,202.4,0.0103
2023-03-31,BP,buy,10.3069,37.94,0.0103
2023-03-31,ULTA,buy,10.3069,545.67,0.0103
2023-03-31,TJX,buy,10.3069,78.36,0.0103
2023-04-28,MRK,sell,11.7957,115.47,0.0118
2023-04-28,XOM,sell,11.1927,118.34,0.0112
2023-04-28,BP,sell,10.9426,40.28,0.0109
2023-04-28,FICO,sell,10.6774,727.95,0.0107
2023-04-28,LPLA,sell,10.6349,208.84,0.0106
2023-04-28,ULTA,sell,10.4157,551.43,0.0104
2023-04-28,TJX,sell,10.3674,78.82,0.0104
2023-04-28,GILD,sell,10.2125,82.21,0.0102
2023-04-28,STLD,sell,9.4764,103.95,0.0095
2023-04-28,SLB,sell,9.2183,49.35,0.0092
2023-04-28,VLO,sell,8.9852,114.67,0.009
2023-04-28,URI,sell,7.7322,361.11,0.0077
2023-04-28,NFLX,buy,8.9471,32.99,0.0089
2023-04-28,LVS,buy,8.9471,63.85,0.0089
2023-04-28,ON,buy,8.9471,71.96,0.0089
2023-04-28,NVDA,buy,8.9471,27.75,0.0089
2023-04-28,PINS,buy,8.9471,23,0.0089
2023-04-28,RBLX,buy,8.9471,35.6,0.0089
2023-04-28,ANET,buy,8.9471,40.04,0.0089
2023-04-28,DHI,buy,8.9471,109.82,0.0089
2023-04-28,PGR,buy,8.9471,136.4,0.0089
2023-04-28,BA,buy,8.9471,206.78,0.0089
2023-04-28,SBUX,buy,8.9471,114.29,0.0089
2023-04-28,CDNS,buy,8.9471,209.45,0.0089
2023-04-28,BIL,buy,16.2222,78.73,0.0162
2023-05-31,BIL,sell,13.022,79.02,0.013
2023-05-31,RBLX,sell,10.5204,41.86,0.0105
2023-05-31,ON,sell,10.3944,83.6,0.0104
2023-05-31,CDNS,sell,9.8639,230.91,0.0099
2023-05-31,PINS,sell,9.3128,23.94,0.0093
2023-05-31,MPC,sell,8.9567,104.91,0.009
2023-05-31,DHI,sell,8.7044,106.84,0.0087
2023-05-31,PGR,sell,8.3902,127.91,0.0084
2023-05-31,LVS,sell,7.7252,55.13,0.0077
2023-05-31,PDD,sell,7.3149,65.32,0.0073
2023-05-31,SBUX,buy,2.528,97.64,0.0025
2023-05-31,SMCI,buy,10.1717,22.4,0.0102
2023-05-31,AXON,buy,10.1717,192.91,0.0102
2023-05-31,WYNN,buy,10.1717,98.7,0.0102
2023-05-31,SRPT,buy,10.1717,123.6,0.0102
2023-05-31,DXCM,buy,10.1717,117.26,0.0102
2023-05-31,MELI,buy,10.1717,1239,0.0102
2023-05-31,DKNG,buy,10.1717,23.34,0.0102
2023-05-31,BIIB,buy,10.1717,296.41,0.0102
2023-05-31,CMG,buy,10.115,41.53,0.0101
2023-06-30,DKNG,sell,11.5794,26.57,0.0116
2023-06-30,DXCM,sell,11.1476,128.51,0.0111
2023-06-30,WYNN,sell,10.8838,105.61,0.0109
2023-06-30,CMG,sell,10.4194,42.78,0.0104
2023-06-30,SBUX,sell,10.3196,99.06,0.0103
2023-06-30,AXON,sell,10.2882,195.12,0.0103
2023-06-30,BIIB,sell,9.775,284.85,0.0098
2023-06-30,SRPT,sell,9.4245,114.52,0.0094
2023-06-30,BA,sell,9.1367,211.16,0.0091
2023-06-30,NVDA,sell,5.7344,42.3,0.0057
2023-06-30,NFLX,sell,4.0427,44.05,0.004
2023-06-30,SMCI,sell,3.4166,24.93,0.0034
2023-06-30,RCL,buy,7.904,103.74,0.0079
2023-06-30,AI,buy,7.904,36.43,0.0079
2023-06-30,BLDR,buy,7.904,136,0.0079
2023-06-30,UBER,buy,7.904,43.17,0.0079
2023-06-30,SHOP,buy,7.904,64.6,0.0079
2023-06-30,MSTR,buy,7.904,34.24,0.0079
2023-06-30,AVGO,buy,7.904,86.74,0.0079
2023-06-30,ON,buy,7.904,94.58,0.0079
2023-06-30,DHI,buy,7.904,121.69,0.0079
2023-06-30,BIL,buy,34.8201,79.39,0.0348
2023-07-31,MELI,sell,10.1639,1238.05,0.0102
2023-07-31,MSTR,sell,10.1085,43.79,0.0101
2023-07-31,ON,sell,9.0046,107.75,0.009
2023-07-31,ANET,sell,8.6634,38.77,0.0087
2023-07-31,BLDR,sell,8.3939,144.43,0.0084
2023-07-31,BIL,sell,3.6701,79.69,0.0037
2023-07-31,META,buy,9.2069,318.6,0.0092
2023-07-31,TTD,buy,9.2069,91.26,0.0092
2023-07-31,PANW,buy,9.2069,124.98,0.0092
2023-07-31,ORCL,buy,9.2069,117.23,0.0092
2023-07-31,WDAY,buy,9.2069,237.13,0.0092
2023-08-31,WDAY,sell,9.493,244.5,0.0095
2023-08-31,PANW,sell,8.9615,121.65,0.009
2023-08-31,TTD,sell,8.0739,80.03,0.0081
2023-08-31,RCL,sell,7.5383,98.94,0.0075
2023-08-31,UPST,buy,8.0402,32.17,0.008
2023-08-31,DKNG,buy,8.0402,29.65,0.008
2023-08-31,URI,buy,8.0402,476.54,0.008
2023-08-31,ETN,buy,8.0402,230.37,0.008
2023-08-31,BIL,buy,5.7081,80.09,0.0057
2023-09-29,BIL,sell,42.994,80.41,0.043
2023-09-29,UBER,sell,8.4203,45.99,0.0084
2023-09-29,FSLR,sell,7.6575,161.59,0.0077
2023-09-29,URI,sell,7.5008,444.57,0.0075
2023-09-29,ETN,sell,7.4438,213.28,0.0074
2023-09-29,UPST,sell,7.133,28.54,0.0071
2023-09-29,DHI,sell,6.9804,107.47,0.007
2023-09-29,AI,sell,5.5369,25.52,0.0055
2023-09-29,DKNG,buy,2.4492,29.44,0.0024
2023-09-29,AVGO,buy,2.8638,83.06,0.0029
2023-09-29,NFLX,buy,3.6571,37.76,0.0037
2023-09-29,SHOP,buy,3.7556,54.57,0.0038
2023-09-29,ADBE,buy,10.4324,509.9,0.0104
2023-09-29,NVO,buy,10.4324,90.94,0.0104
2023-09-29,MDB,buy,10.4324,345.86,0.0104
2023-09-29,BKNG,buy,10.4324,123.36,0.0104
2023-09-29,LRCX,buy,10.4324,62.68,0.0104
2023-09-29,GE,buy,10.4324,110.55,0.0104
2023-09-29,FDX,buy,10.4324,264.92,0.0104
2023-10-31,NFLX,sell,11.3745,41.17,0.0114
2023-10-31,ADBE,sell,10.8858,532.06,0.0109
2023-10-31,GE,sell,10.2512,108.63,0.0103
2023-10-31,LRCX,sell,9.79,58.82,0.0098
2023-10-31,DKNG,sell,9.7875,27.62,0.0098
2023-10-31,SHOP,sell,9.0215,47.19,0.009
2023-10-31,ORCL,sell,8.1207,103.4,0.0081
2023-10-31,NVO,sell,6.1481,96.57,0.0061
2023-10-31,AVGO,sell,5.6379,84.14,0.0056
2023-10-31,MDB,sell,5.464,344.59,0.0055
2023-10-31,FDX,sell,4.5249,240.1,0.0045
2023-10-31,BKNG,sell,4.5061,111.58,0.0045
2023-10-31,META,sell,3.7759,301.27,0.0038
2023-10-31,NVDA,sell,2.6898,40.78,0.0027
2023-10-31,SMCI,sell,2.6631,23.95,0.0027
2023-10-31,SPOT,buy,4.9301,164.76,0.0049
2023-10-31,PDD,buy,4.9301,101.42,0.0049
2023-10-31,RCL,buy,4.9301,84.73,0.0049
2023-10-31,DELL,buy,4.9301,66.91,0.0049
2023-10-31,HUBS,buy,4.9301,423.77,0.0049
2023-10-31,AMD,buy,4.9301,98.5,0.0049
2023-10-31,UBER,buy,4.9301,43.28,0.0049
2023-10-31,BIL,buy,77.6479,80.76,0.0776
2023-11-30,BIL,sell,53.9126,81.13,0.0539
2023-11-30,PDD,sell,7.1672,147.44,0.0072
2023-11-30,RCL,sell,6.2527,107.46,0.0063
2023-11-30,AMD,sell,6.0643,121.16,0.0061
2023-11-30,SPOT,sell,5.5391,185.11,0.0055
2023-11-30,BKNG,sell,5.5244,125.03,0.0055
2023-11-30,FDX,sell,5.3147,258.83,0.0053
2023-11-30,UBER,buy,2.9605,56.38,0.003
2023-11-30,MDB,buy,3.4348,415.74,0.0034
2023-11-30,HUBS,buy,3.6365,493.93,0.0036
2023-11-30,NVDA,buy,3.7286,46.77,0.0037
2023-11-30,SMCI,buy,3.7529,27.35,0.0038
2023-11-30,DELL,buy,3.7926,75.87,0.0038
2023-11-30,AVGO,buy,3.9588,92.57,0.004
2023-11-30,META,buy,4.0293,327.15,0.004
2023-11-30,NVO,buy,4.1837,101.84,0.0042
2023-11-30,MSTR,buy,9.3829,49.83,0.0094
2023-11-30,PLTR,buy,9.3829,20.05,0.0094
2023-11-30,DKNG,buy,9.3829,38.24,0.0094
2023-11-30,COIN,buy,9.3829,124.72,0.0094
2023-11-30,ADBE,buy,9.3829,611.01,0.0094
2023-11-30,LLY,buy,9.2035,591.04,0.0092
2023-12-29,AVGO,sell,11.3148,111.63,0.0113
2023-12-29,HUBS,sell,11.0282,580.54,0.011
2023-12-29,NVO,sell,9.5312,103.45,0.0095
2023-12-29,DELL,sell,9.4608,76.5,0.0095
2023-12-29,ADBE,sell,9.1616,596.6,0.0092
2023-12-29,LLY,sell,9.0771,582.92,0.0091
2023-12-29,PLTR,sell,8.0351,17.17,0.008
2023-12-29,COIN,sell,6.2938,173.92,0.0063
2023-12-29,MSTR,sell,5.1024,63.16,0.0051
2023-12-29,UBER,sell,3.4562,61.57,0.0035
2023-12-29,META,sell,3.3614,353.96,0.0034
2023-12-29,NVDA,sell,3.1441,49.52,0.0031
2023-12-29,SMCI,sell,2.9629,28.43,0.003
2023-12-29,MARA,buy,6.7905,23.49,0.0068
2023-12-29,AFRM,buy,6.7905,49.14,0.0068
2023-12-29,AI,buy,6.7905,28.71,0.0068
2023-12-29,ROKU,buy,6.7905,91.66,0.0068
2023-12-29,SPOT,buy,6.7905,187.91,0.0068
2023-12-29,CRWD,buy,6.7905,63.83,0.0068
2023-12-29,SHOP,buy,6.7905,77.9,0.0068
2023-12-29,BIL,buy,44.2128,81.48,0.0442
2024-01-31,SPOT,sell,7.7821,215.35,0.0078
2024-01-31,SHOP,sell,6.9796,80.07,0.007
2024-01-31,ROKU,sell,6.5238,88.06,0.0065
2024-01-31,AI,sell,5.861,24.78,0.0059
2024-01-31,MARA,sell,5.1254,17.73,0.0051
2024-01-31,SMCI,sell,4.9977,52.96,0.005
2024-01-31,BIL,sell,4.3418,81.83,0.0043
2024-01-31,COIN,buy,2.6464,128.2,0.0026
2024-01-31,UPST,buy,7.6518,31.76,0.0077
2024-01-31,AMD,buy,7.6518,167.69,0.0077
2024-01-31,CYTK,buy,7.6518,78.13,0.0077
2024-01-31,AVGO,buy,7.6518,118,0.0077
2024-01-31,DELL,buy,7.6518,82.88,0.0077
2024-02-29,MSTR,sell,10.9964,102.28,0.011
2024-02-29,MDB,sell,10.1015,447.58,0.0101
2024-02-29,UBER,sell,8.768,79.5,0.0088
2024-02-29,CYTK,sell,7.0749,72.24,0.0071
2024-02-29,UPST,sell,6.2038,25.75,0.0062
2024-02-29,SMCI,sell,4.4715,86.61,0.0045
2024-02-29,COIN,sell,4.1076,203.56,0.0041
2024-02-29,VRT,buy,8.0421,67.62,0.008
2024-02-29,MARA,buy,8.0421,25.9,0.008
2024-02-29,VKTX,buy,8.0421,77.05,0.008
2024-02-29,PLTR,buy,8.0421,25.08,0.008
2024-02-29,LLY,buy,8.0421,753.68,0.008
2024-02-29,BIL,buy,12.0328,82.19,0.012
2024-03-28,AVGO,sell,8.5946,132.54,0.0086
2024-03-28,LLY,sell,8.3012,777.96,0.0083
2024-03-28,AMD,sell,8.2358,180.49,0.0082
2024-03-28,NVDA,sell,5.7166,90.36,0.0057
2024-03-28,AFRM,sell,5.1488,37.26,0.0051
2024-03-28,DKNG,sell,4.468,45.41,0.0045
2024-03-28,DELL,sell,3.8609,114.11,0.0039
2024-03-28,COIN,sell,3.8,265.12,0.0038
2024-03-28,VRT,sell,3.0389,81.67,0.003
2024-03-28,CLSK,buy,6.6742,21.21,0.0067
2024-03-28,MSTR,buy,6.6742,170.46,0.0067
2024-03-28,DJT,buy,6.6742,61.96,0.0067
2024-03-28,UBER,buy,6.6742,76.99,0.0067
2024-03-28,BIL,buy,24.366,82.53,0.0244
2024-04-30,BIL,sell,36.3078,82.89,0.0363
2024-04-30,VKTX,sell,8.3062,79.58,0.0083
2024-04-30,META,sell,8.2525,430.17,0.0083
2024-04-30,DKNG,sell,6.1083,41.56,0.0061
2024-04-30,DJT,sell,5.3783,49.93,0.0054
2024-04-30,CLSK,sell,5.1543,16.38,0.0052
2024-04-30,MARA,sell,4.9867,16.06,0.005
2024-04-30,UBER,buy,3.1628,66.27,0.0032
2024-04-30,COIN,buy,3.7739,203.93,0.0038
2024-04-30,MSTR,buy,4.7378,106.5,0.0047
2024-04-30,VST,buy,8.9076,75.84,0.0089
2024-04-30,CEG,buy,8.9076,185.94,0.0089
2024-04-30,DASH,buy,8.9076,129.26,0.0089
2024-04-30,AVGO,buy,8.9076,130.03,0.0089
2024-04-30,RCL,buy,8.9076,139.63,0.0089
2024-04-30,ELF,buy,8.9076,162.53,0.0089
2024-05-31,ELF,sell,10.2438,186.91,0.0102
2024-05-31,RCL,sell,9.4212,147.68,0.0094
2024-05-31,AVGO,sell,9.1008,132.85,0.0091
2024-05-31,UBER,sell,8.6778,64.56,0.0087
2024-05-31,CRWD,sell,8.3426,78.42,0.0083
2024-05-31,PLTR,sell,6.9519,21.68,0.007
2024-05-31,MSTR,sell,3.8578,152.45,0.0039
2024-05-31,CVNA,buy,8.8931,20,0.0089
2024-05-31,ANF,buy,8.8931,172.87,0.0089
2024-05-31,APP,buy,8.8931,81.48,0.0089
2024-05-31,WSM,buy,8.8931,146.61,0.0089
2024-05-31,NRG,buy,8.8931,81,0.0089
2024-05-31,TT,buy,8.8931,327.46,0.0089
2024-05-31,BIL,buy,12.3491,83.26,0.0123
2024-06-28,ANF,sell,9.1488,177.84,0.0091
2024-06-28,TT,sell,8.9331,328.93,0.0089
2024-06-28,DASH,sell,7.4963,108.78,0.0075
2024-06-28,CVNA,sell,3.4517,25.74,0.0035
2024-06-28,DJT,buy,7.9937,32.75,0.008
2024-06-28,CRWD,buy,7.9937,95.8,0.008
2024-06-28,PDD,buy,7.9937,132.95,0.008
2024-06-28,BIL,buy,4.9907,83.6,0.005
2024-07-31,WSM,sell,9.3826,154.68,0.0094
2024-07-31,APP,sell,8.4151,77.1,0.0084
2024-07-31,NRG,sell,8.253,75.17,0.0083
2024-07-31,PDD,sell,7.7496,128.89,0.0077
2024-07-31,BIL,buy,7.2536,83.97,0.0073
2024-07-31,ANF,buy,7.502,147.48,0.0075
2024-07-31,ANET,buy,7.502,86.64,0.0075
2024-07-31,SPOT,buy,7.502,343.94,0.0075
2024-07-31,LLY,buy,3.9732,804.27,0.004
2024-08-30,CEG,sell,9.4231,196.7,0.0094
2024-08-30,CRWD,sell,5.7842,69.32,0.0058
2024-08-30,DJT,sell,4.7596,19.5,0.0048
2024-08-30,LLY,sell,4.7427,960.02,0.0047
2024-08-30,VST,sell,3.2024,85.43,0.0032
2024-08-30,BIL,buy,6.4169,84.36,0.0064
2024-08-30,ASTS,buy,6.8316,29.04,0.0068
2024-08-30,KKR,buy,6.8316,123.77,0.0068
2024-08-30,CAVA,buy,6.8316,114.04,0.0068
2024-08-30,HOOD,buy,0.9445,20.12,0.0009
2024-09-30,ANET,sell,8.309,95.96,0.0083
2024-09-30,KKR,sell,7.2075,130.58,0.0072
2024-09-30,ANF,sell,7.1164,139.9,0.0071
2024-09-30,DELL,sell,6.9333,118.54,0.0069
2024-09-30,SMCI,sell,3.8665,41.64,0.0039
2024-09-30,CVNA,sell,3.7798,34.82,0.0038
2024-09-30,HOOD,sell,1.0994,23.42,0.0011
2024-09-30,BIL,buy,5.6455,84.72,0.0056
2024-09-30,ARM,buy,7.0338,143.01,0.007
2024-09-30,APP,buy,7.0338,130.55,0.007
2024-09-30,MPWR,buy,7.0338,924.5,0.007
2024-09-30,AFRM,buy,7.0338,40.82,0.007
2024-09-30,PLTR,buy,4.4547,37.2,0.0045
2024-10-31,CAVA,sell,8.001,133.56,0.008
2024-10-31,MSTR,sell,6.0545,244.5,0.0061
2024-10-31,BIL,sell,5.9239,85.05,0.0059
2024-10-31,ASTS,sell,5.6013,23.81,0.0056
2024-10-31,PLTR,buy,3.2316,41.56,0.0032
2024-10-31,HOOD,buy,8.2083,23.49,0.0082
2024-10-31,KKR,buy,8.2083,138.24,0.0082
2024-10-31,CEG,buy,5.8813,262.96,0.0059
2024-11-29,PLTR,sell,13.2487,67.08,0.0132
2024-11-29,COIN,sell,12.938,296.2,0.0129
2024-11-29,AFRM,sell,12.0636,70.01,0.0121
2024-11-29,SPOT,sell,10.4034,476.96,0.0104
2024-11-29,KKR,sell,9.6708,162.87,0.0097
2024-11-29,APP,sell,9.5289,336.75,0.0095
2024-11-29,CEG,sell,5.7381,256.56,0.0057
2024-11-29,HOOD,sell,4.5034,37.54,0.0045
2024-11-29,MSTR,sell,4.3935,387.47,0.0044
2024-11-29,MPWR,sell,4.3187,567.64,0.0043
2024-11-29,VST,sell,4.1674,159.84,0.0042
2024-11-29,VKTX,buy,8.6146,52.94,0.0086
2024-11-29,CAVA,buy,8.6146,140.9,0.0086
2024-11-29,ZETA,buy,8.6146,21.3,0.0086
2024-11-29,SE,buy,8.6146,113.8,0.0086
2024-11-29,RKLB,buy,8.6146,27.28,0.0086
2024-11-29,DJT,buy,8.6146,31.6,0.0086
2024-11-29,OKLO,buy,8.6146,23.54,0.0086
2024-11-29,BIL,buy,30.4907,85.37,0.0305
2024-12-31,DJT,sell,9.2961,34.1,0.0093
2024-12-31,OKLO,sell,7.7692,21.23,0.0078
2024-12-31,ZETA,sell,7.2759,17.99,0.0073
2024-12-31,VKTX,sell,6.548,40.24,0.0065
2024-12-31,ARM,sell,6.0673,123.36,0.0061
2024-12-31,PLTR,buy,7.7878,75.63,0.0078
2024-12-31,HIMS,buy,7.7878,24.18,0.0078
2024-12-31,IONQ,buy,7.7878,41.77,0.0078
2024-12-31,SPOT,buy,7.7878,447.38,0.0078
2024-12-31,CRDO,buy,5.7317,67.21,0.0057
2025-01-31,VRT,sell,9.563,117.02,0.0096
2025-01-31,SPOT,sell,9.5489,548.55,0.0095
2025-01-31,NVDA,sell,8.8686,120.07,0.0089
2025-01-31,CAVA,sell,8.2569,135.05,0.0083
2025-01-31,HIMS,sell,4.5071,37.28,0.0045
2025-01-31,HOOD,sell,4.4215,51.95,0.0044
2025-01-31,LUNR,buy,7.4998,21.68,0.0075
2025-01-31,CLS,buy,7.4998,123.47,0.0075
2025-01-31,AXON,buy,7.4998,652.18,0.0075
2025-01-31,UAL,buy,7.4998,105.84,0.0075
2025-01-31,BIL,buy,15.0764,86.01,0.0151
2025-02-28,HIMS,sell,9.071,45.09,0.0091
2025-02-28,CLS,sell,6.5024,107.05,0.0065
2025-02-28,AXON,sell,6.077,528.45,0.0061
2025-02-28,LUNR,sell,5.0437,14.58,0.005
2025-02-28,BIL,buy,3.5021,86.29,0.0035
2025-02-28,ASTS,buy,6.7894,27.11,0.0068
2025-02-28,OKLO,buy,6.7894,33.39,0.0068
2025-02-28,TWLO,buy,6.7894,119.93,0.0068
2025-02-28,UPST,buy,2.7706,66.67,0.0028
2025-03-31,SE,sell,6.7492,130.49,0.0067
2025-03-31,MSTR,sell,6.4091,288.27,0.0064
2025-03-31,VST,sell,6.3294,117.44,0.0063
2025-03-31,RKLB,sell,5.6462,17.88,0.0056
2025-03-31,PLTR,sell,5.562,84.4,0.0056
2025-03-31,TWLO,sell,5.5428,97.91,0.0055
2025-03-31,CVNA,sell,5.319,41.82,0.0053
2025-03-31,UAL,sell,4.8929,69.05,0.0049
2025-03-31,APP,sell,3.6495,264.97,0.0036
2025-03-31,CRDO,sell,3.4248,40.16,0.0034
2025-03-31,UPST,sell,1.9129,46.03,0.0019
2025-03-31,HIMS,buy,3.1288,29.55,0.0031
2025-03-31,RDDT,buy,3.1288,104.9,0.0031
2025-03-31,XPEV,buy,3.1288,20.72,0.0031
2025-03-31,CLS,buy,3.1288,78.81,0.0031
2025-03-31,SPOT,buy,3.1288,550.03,0.0031
2025-03-31,FUTU,buy,3.1288,102.35,0.0031
2025-03-31,HWM,buy,3.1288,129.73,0.0031
2025-03-31,BIL,buy,33.4255,86.57,0.0334
2025-04-30,HOOD,sell,7.0898,49.11,0.0071
2025-04-30,ASTS,sell,5.8127,23.21,0.0058
2025-04-30,IONQ,sell,5.1198,27.46,0.0051
2025-04-30,OKLO,sell,4.8272,23.74,0.0048
2025-04-30,PLTR,sell,4.3907,118.44,0.0044
2025-04-30,CVNA,sell,3.6563,48.87,0.0037
2025-04-30,HIMS,sell,3.5047,33.1,0.0035
2025-04-30,SPOT,sell,3.4926,613.98,0.0035
2025-04-30,RDDT,sell,3.4769,116.57,0.0035
2025-04-30,CLS,sell,3.3884,85.35,0.0034
2025-04-30,HWM,sell,3.3422,138.58,0.0033
2025-04-30,SE,sell,3.2142,134.05,0.0032
2025-04-30,APP,sell,3.18,269.31,0.0032
2025-04-30,FUTU,sell,2.8219,92.31,0.0028
2025-04-30,XPEV,sell,2.8087,18.6,0.0028
2025-04-30,BIL,buy,60.0059,86.87,0.06
2025-05-30,BIL,sell,79.217,87.18,0.0792
2025-05-30,PLTR,buy,5.2811,131.78,0.0053
2025-05-30,RKLB,buy,5.2811,26.79,0.0053
2025-05-30,IONQ,buy,5.2811,40.34,0.0053
2025-05-30,APP,buy,5.2811,393,0.0053
2025-05-30,HOOD,buy,5.2811,66.15,0.0053
2025-05-30,CVNA,buy,5.2811,65.43,0.0053
2025-05-30,MSTR,buy,5.2811,369.06,0.0053
2025-05-30,OKLO,buy,5.2811,52.72,0.0053
2025-05-30,AXON,buy,5.2811,750.36,0.0053
2025-05-30,GEV,buy,5.2811,472.98,0.0053
2025-05-30,RBLX,buy,5.2811,86.98,0.0053
2025-05-30,UPST,buy,5.2811,47.17,0.0053
2025-05-30,DUOL,buy,5.2811,519.61,0.0053
2025-05-30,RDDT,buy,5.2811,112.35,0.0053
2025-05-30,SPOT,buy,5.1229,665.14,0.0051
2025-06-30,UPST,sell,7.2415,64.68,0.0072
2025-06-30,RDDT,sell,7.0777,150.57,0.0071
2025-06-30,SPOT,sell,5.91,767.34,0.0059
2025-06-30,RBRK,buy,5.373,89.59,0.0054
2025-06-30,SMR,buy,5.373,39.56,0.0054
2025-06-30,HIMS,buy,5.373,49.85,0.0054
2025-06-30,BIL,buy,4.0698,87.47,0.0041
2025-07-31,RBLX,sell,8.3661,137.79,0.0084
2025-07-31,HIMS,sell,7.1331,66.18,0.0071
2025-07-31,MSTR,sell,5.7505,401.86,0.0058
2025-07-31,RBRK,sell,5.6945,94.95,0.0057
2025-07-31,AXON,sell,5.3172,755.49,0.0053
2025-07-31,RKLB,sell,3.6427,45.92,0.0036
2025-07-31,DUOL,sell,3.5222,346.55,0.0035
2025-07-31,CRDO,buy,5.4096,111.55,0.0054
2025-07-31,CLS,buy,5.4096,199.86,0.0054
2025-07-31,NBIS,buy,5.4096,54.43,0.0054
2025-07-31,UPST,buy,5.4096,81.74,0.0054
2025-07-31,VST,buy,5.4096,208.54,0.0054
2025-07-31,TLN,buy,5.4096,377.57,0.0054
2025-07-31,BIL,buy,6.8902,87.79,0.0069
2025-08-29,NBIS,sell,6.79,68.32,0.0068
2025-08-29,CVNA,sell,6.0035,74.38,0.006
2025-08-29,TLN,sell,5.4289,378.92,0.0054
2025-08-29,VST,sell,4.9055,189.11,0.0049
2025-08-29,UPST,sell,4.8497,73.28,0.0048
2025-08-29,LEU,buy,6.0361,201.73,0.006
2025-08-29,MP,buy,6.0361,71.14,0.006
2025-08-29,HIMS,buy,6.0361,42.35,0.006
2025-08-29,BE,buy,6.0361,52.94,0.006
2025-08-29,RBLX,buy,3.7773,124.59,0.0038
2025-09-30,HIMS,sell,8.0843,56.72,0.0081
2025-09-30,GEV,sell,6.8658,614.9,0.0069
2025-09-30,SMR,sell,4.8895,36,0.0049
2025-09-30,HOOD,sell,4.3799,143.18,0.0044
2025-09-30,RBLX,sell,4.1996,138.52,0.0042
2025-09-30,OKLO,sell,4.1314,111.63,0.0041
2025-09-30,RGTI,buy,7.051,29.79,0.0071
2025-09-30,QBTS,buy,7.051,24.71,0.0071
2025-09-30,RDDT,buy,7.051,229.99,0.0071
2025-09-30,ALAB,buy,7.051,195.8,0.0071
2025-09-30,BIL,buy,4.2816,88.4,0.0043
2025-10-31,LEU,sell,10.9951,367.46,0.011
2025-10-31,ALAB,sell,6.7225,186.68,0.0067
2025-10-31,RDDT,sell,6.4059,208.95,0.0064
2025-10-31,BE,sell,6.256,132.16,0.0063
2025-10-31,NBIS,buy,8.8127,130.82,0.0088
2025-10-31,IREN,buy,8.8127,60.75,0.0088
2025-10-31,KTOS,buy,8.8127,90.6,0.0088
2025-11-28,APP,sell,8.0558,599.48,0.0081
2025-11-28,KTOS,sell,7.4023,76.1,0.0074
2025-11-28,IONQ,sell,6.4541,49.3,0.0065
2025-11-28,RKLB,sell,4.9643,42.14,0.005
2025-11-28,BIL,buy,6.5191,88.97,0.0065
2025-11-28,LEU,buy,6.6277,259.3,0.0066
2025-11-28,ASTS,buy,6.6277,56.2,0.0066
2025-11-28,APLD,buy,6.6277,27.1,0.0066
2025-11-28,CIFR,buy,4.3014,20.35,0.0043
2025-12-31,BIL,sell,34.5338,89.27,0.0345
2025-12-31,ASTS,sell,8.5652,72.63,0.0086
2025-12-31,QBTS,sell,7.4619,26.15,0.0075
2025-12-31,PLTR,sell,7.1234,177.75,0.0071
2025-12-31,CRDO,sell,6.9779,143.89,0.007
2025-12-31,LEU,sell,6.2049,242.76,0.0062
2025-12-31,RGTI,sell,5.2427,22.15,0.0052
2025-12-31,CIFR,sell,3.1198,14.76,0.0031
2025-12-31,OKLO,buy,3.7693,71.76,0.0038
2025-12-31,MP,buy,4.0153,50.52,0.004
2025-12-31,LITE,buy,8.3019,368.59,0.0083
2025-12-31,ECHO,buy,8.3019,108.7,0.0083
2025-12-31,STX,buy,8.3019,275.39,0.0083
2025-12-31,INSM,buy,8.3019,174.04,0.0083
2025-12-31,MU,buy,8.3019,285.41,0.0083
2025-12-31,B,buy,8.3019,43.55,0.0083
2025-12-31,WDC,buy,8.3019,172.27,0.0083
2026-01-30,STX,sell,12.2902,407.69,0.0123
2026-01-30,WDC,sell,12.0589,250.23,0.0121
2026-01-30,MP,sell,9.6576,58.77,0.0097
2026-01-30,OKLO,sell,9.2112,79.62,0.0092
2026-01-30,B,sell,8.7289,45.79,0.0087
2026-01-30,INSM,sell,7.4829,156.87,0.0075
2026-01-30,NBIS,sell,5.7388,85.19,0.0057
2026-01-30,HOOD,sell,4.8989,99.48,0.0049
2026-01-30,MU,sell,4.5462,414.88,0.0045
2026-01-30,QBTS,buy,7.5216,21.22,0.0075
2026-01-30,ASTS,buy,7.5216,111.21,0.0075
2026-01-30,PL,buy,7.5216,24.97,0.0075
2026-01-30,HL,buy,7.5216,22.52,0.0075
2026-01-30,AG,buy,7.5216,20.84,0.0075
2026-01-30,LEU,buy,7.5216,278.28,0.0075
2026-01-30,AU,buy,7.5216,92.87,0.0075
2026-01-30,CIEN,buy,7.5216,251.81,0.0075
2026-01-30,BIL,buy,27.465,89.53,0.0275
2026-02-27,CIEN,sell,10.4158,348.7,0.0104
2026-02-27,AU,sell,10.3482,127.77,0.0103
2026-02-27,LITE,sell,8.384,700.91,0.0084
2026-02-27,CLS,sell,7.5145,277.63,0.0075
2026-02-27,PL,sell,7.2716,24.14,0.0073
2026-02-27,QBTS,sell,6.6567,18.78,0.0067
2026-02-27,LEU,sell,5.4758,202.59,0.0055
2026-02-27,AG,sell,4.1503,32.01,0.0042
2026-02-27,SNDK,buy,7.4029,635.36,0.0074
2026-02-27,WDC,buy,7.4029,279.7,0.0074
2026-02-27,CDE,buy,7.4029,27.15,0.0074
2026-02-27,KTOS,buy,7.4029,86.18,0.0074
2026-02-27,STX,buy,7.4029,407.84,0.0074
2026-02-27,RKLB,buy,7.4029,69.1,0.0074
2026-02-27,BIL,buy,15.6794,89.77,0.0157
2026-03-31,RKLB,sell,6.8801,64.22,0.0069
2026-03-31,HL,sell,6.2224,18.63,0.0062
2026-03-31,KTOS,sell,6.0568,70.51,0.0061
2026-03-31,BE,sell,5.9427,135.49,0.0059
2026-03-31,ECHO,sell,5.8491,117.07,0.0058
2026-03-31,ASTS,sell,5.6049,82.87,0.0056
2026-03-31,CDE,sell,5.1179,18.77,0.0051
2026-03-31,LITE,sell,4.3304,702.76,0.0043
2026-03-31,SNDK,sell,4.3106,635.34,0.0043
2026-03-31,WDC,sell,4.0671,270.49,0.0041
2026-03-31,STX,sell,4.019,391.76,0.004
2026-03-31,AXTI,buy,3.092,56.98,0.0031
2026-03-31,PL,buy,3.092,27.95,0.0031
2026-03-31,AAOI,buy,3.092,84.59,0.0031
2026-03-31,CIEN,buy,3.092,388.23,0.0031
2026-03-31,COHR,buy,3.092,238.21,0.0031
2026-03-31,BIL,buy,42.8244,90.03,0.0428
2026-04-30,BIL,sell,19.9303,90.29,0.0199
2026-04-30,MU,sell,9.3759,517.16,0.0094
2026-04-30,AG,sell,4.5583,19.71,0.0046
2026-04-30,COHR,sell,4.1499,319.71,0.0041
2026-04-30,WULF,buy,6.7267,21.73,0.0067
2026-04-30,FSLY,buy,6.7267,25.255,0.0067
2026-04-30,TSEM,buy,6.7267,221.05,0.0067
2026-05-29,APLD,sell,11.5629,47.28,0.0116
2026-05-29,IREN,sell,9.2174,63.54,0.0092
2026-05-29,TSEM,sell,7.7668,255.23,0.0078
2026-05-29,FSLY,sell,4.7317,17.765,0.0047
2026-05-29,WOLF,buy,7.1937,59.28,0.0072
2026-05-29,MXL,buy,7.1937,92.93,0.0072
2026-05-29,MU,buy,7.1937,971,0.0072
2026-05-29,CIFR,buy,7.1937,23.65,0.0072
2026-05-29,BIL,buy,7.6715,90.58,0.0077
2026-06-30,CIFR,sell,7.4522,24.5,0.0075
2026-06-30,ECHO,sell,2.6808,101.5,0.0027
2026-06-30,ABVX,buy,6.7569,133.26,0.0068
2026-06-30,HUT,buy,6.7569,115.445,0.0068
2026-06-30,BIL,buy,8.848,90.82,0.0088
2026-07-31,BIL,sell,8.1529,91.13,0.0082
2026-07-31,ABVX,sell,6.334,124.92,0.0063
2026-07-31,WULF,sell,5.4668,17.66,0.0055
2026-07-31,WOLF,sell,2.8663,23.62,0.0029
2026-07-31,PL,sell,2.2656,20.48,0.0023
2026-07-31,INTC,buy,5.4265,90.2,0.0054
2026-07-31,TSEM,buy,5.4265,219.67,0.0054
2026-07-31,DOCN,buy,5.4265,117.5,0.0054
2026-07-31,RVMD,buy,5.4265,187.53,0.0054
2026-08-31,MXL,sell,4.6376,59.91,0.0046
2026-08-31,TER,buy,5.5006,349.83,0.0055
2026-09-29,INTC,sell,6.9745,115.93,0.007
2026-09-29,BIL,sell,6.9409,91.65,0.0069
2026-09-29,TER,sell,6.337,403.02,0.0063
2026-09-29,HUT,sell,5.435,92.86,0.0054
2026-09-29,CIEN,sell,2.8267,354.92,0.0028
2026-09-29,MRNA,buy,6.5832,203.46,0.0066
2026-09-29,TWST,buy,6.5832,186.13,0.0066
2026-09-29,DELL,buy,6.5832,539.59,0.0066
2026-09-29,AMD,buy,6.5832,607.57,0.0066
