symbol,entry,exit,entry_price,exit_price,qty,pnl,return_pct,days,reason
PFE,2021-11-08,2021-11-23,48.7558,50.4283,1.7092,2.86,3.43,11,time
EXPE,2021-11-08,2021-11-23,183.9301,173.0508,0.4526,-4.92,-5.91,11,time
TTD,2021-11-09,2021-11-24,89.8753,101.9133,0.9281,11.17,13.39,11,time
SNOW,2021-12-03,2021-12-06,359.2646,328.5462,0.2404,-7.38,-8.55,1,stop
ROKU,2021-12-09,2021-12-09,257.7760,235.7353,0.3240,-7.14,-8.55,0,stop
EPAM,2021-12-09,2021-12-14,710.1240,649.4059,0.1182,-7.17,-8.55,3,stop
KSS,2022-01-25,2022-01-27,62.9082,60.6176,1.2580,-2.88,-3.64,2,lost_gap
SNAP,2022-02-07,2022-02-08,38.6255,35.3229,2.0048,-6.62,-8.55,1,stop
UPS,2022-02-02,2022-02-11,231.3419,219.5992,0.3379,-3.97,-5.08,7,lost_gap
UPST,2022-02-17,2022-02-17,157.6716,144.1901,0.4921,-6.63,-8.55,0,stop
BILL,2022-02-07,2022-02-23,230.6900,218.7916,0.3365,-4.00,-5.16,11,time
ETSY,2022-02-28,2022-03-08,149.1561,136.4028,0.4767,-6.08,-8.55,6,stop
MDB,2022-03-10,2022-03-14,328.9138,300.7905,0.2100,-5.91,-8.55,2,stop
PDD,2022-03-17,2022-03-17,40.9725,37.4693,1.6378,-5.74,-8.55,0,stop
BABA,2022-03-17,2022-04-01,99.4374,117.2671,0.6839,12.19,17.93,11,time
KWEB,2022-03-17,2022-04-01,28.9466,30.9568,2.2871,4.60,6.94,11,time
FB,2022-04-29,2022-05-12,205.0734,186.4938,0.3452,-6.41,-9.06,9,lost_gap
META,2022-04-29,2022-05-12,205.0734,186.4938,0.3456,-6.42,-9.06,9,lost_gap
M,2022-05-27,2022-06-13,22.8182,20.8672,2.9148,-5.69,-8.55,10,stop
DLTR,2022-05-27,2022-06-14,162.2854,155.7613,0.4104,-2.68,-4.02,11,lost_gap
FDX,2022-06-15,2022-07-01,231.4422,221.9222,0.2753,-2.62,-4.11,11,time
CMG,2022-07-28,2022-08-12,30.2705,32.5122,2.0762,4.65,7.41,11,time
ENPH,2022-07-28,2022-08-12,272.2142,294.5636,0.2307,5.16,8.21,11,time
PLUG,2022-07-29,2022-08-15,20.7119,29.8153,3.0368,27.64,43.95,11,time
SNOW,2022-08-26,2022-08-30,196.5880,179.7790,0.3840,-6.45,-8.55,2,stop
PANW,2022-08-24,2022-09-02,95.3652,91.0460,0.7900,-3.41,-4.53,7,lost_gap
ZS,2022-09-12,2022-09-16,189.0755,171.1351,0.3829,-6.87,-9.49,4,stop
REGN,2022-09-09,2022-09-26,713.8652,694.1313,0.1009,-1.99,-2.76,11,time
PINS,2022-10-31,2022-11-03,24.8644,22.7384,2.7788,-5.91,-8.55,3,stop
OKTA,2022-12-02,2022-12-06,65.6965,60.0792,1.0286,-5.78,-8.55,2,stop
WDAY,2022-12-01,2022-12-16,166.1068,173.9466,0.4041,3.17,4.72,11,time
BIDU,2023-02-08,2023-02-09,157.4710,154.0066,0.4182,-1.45,-2.20,1,lost_gap
ALGN,2023-02-03,2023-02-09,351.4612,321.4101,0.1885,-5.66,-8.55,4,stop
RBLX,2023-02-16,2023-02-17,44.4229,40.6246,1.4469,-5.50,-8.55,1,stop
TTD,2023-02-16,2023-02-21,65.0947,58.2248,0.9814,-6.74,-10.55,2,stop
PANW,2023-02-23,2023-03-10,94.0814,92.1328,0.6356,-1.24,-2.07,11,time
BABA,2023-03-29,2023-04-14,97.8828,95.3431,0.6067,-1.54,-2.59,11,time
WAL,2023-05-08,2023-05-08,30.6517,28.0309,1.9208,-5.03,-8.55,0,stop
FSLR,2023-05-15,2023-05-17,228.7642,209.2041,0.2500,-4.89,-8.55,2,stop
MRVL,2023-05-30,2023-05-30,67.6925,61.9045,0.8340,-4.83,-8.55,0,stop
PDD,2023-05-30,2023-05-31,71.6593,65.5322,0.7630,-4.68,-8.55,1,stop
AI,2023-05-31,2023-06-01,41.2233,32.6617,1.2524,-10.72,-20.77,1,stop
MPWR,2023-05-26,2023-06-13,497.0667,539.1577,0.1118,4.71,8.47,11,time
ROKU,2023-07-31,2023-08-09,91.9751,84.1109,0.5479,-4.31,-8.55,7,stop
ANET,2023-08-02,2023-08-17,45.9173,45.4133,1.1194,-0.56,-1.10,11,time
PINS,2023-11-01,2023-11-16,30.0198,31.3557,1.6246,2.17,4.45,11,time
ANET,2023-11-01,2023-11-16,50.8822,52.2129,0.9570,1.27,2.62,11,time
ROKU,2023-11-03,2023-11-20,79.6883,92.6213,0.6130,7.93,16.23,11,time
TGT,2023-11-16,2023-12-04,127.6418,133.8173,0.4093,2.53,4.84,11,time
M,2023-12-12,2023-12-13,20.2405,19.0228,2.6674,-3.25,-6.02,1,lost_gap
PDD,2023-11-29,2023-12-14,139.1362,145.7714,0.3817,2.53,4.77,11,time
CRM,2023-12-01,2023-12-18,250.7500,259.0405,0.2087,1.73,3.31,11,time
MU,2023-12-22,2024-01-03,86.4085,80.9564,0.6219,-3.39,-6.31,6,lost_gap
SMCI,2024-01-22,2024-01-22,45.7769,41.8628,1.1514,-4.51,-8.55,0,stop
TSM,2024-01-19,2024-02-05,113.5597,116.7786,0.4633,1.49,2.83,11,time
PLTR,2024-02-07,2024-02-23,21.6648,23.4594,2.3820,4.27,8.28,11,time
VKTX,2024-02-28,2024-02-29,90.1697,82.4599,0.5869,-4.52,-8.55,1,stop
UBER,2024-02-15,2024-03-04,79.2370,81.6942,0.6866,1.69,3.10,11,time
AI,2024-03-01,2024-03-05,35.7670,32.7088,1.4422,-4.41,-8.55,2,stop
WSM,2024-03-14,2024-04-01,144.4320,157.7453,0.3504,4.67,9.22,11,time
PINS,2024-05-02,2024-05-17,40.9525,42.7514,1.2739,2.29,4.39,11,time
DECK,2024-05-28,2024-06-12,173.8500,173.9167,0.3045,0.02,0.04,11,time
CRWD,2024-06-06,2024-06-24,85.9872,93.4987,0.6255,4.70,8.74,11,time
ORCL,2024-06-13,2024-07-01,140.8513,141.2649,0.3919,0.16,0.29,11,time
FDX,2024-06-27,2024-07-15,293.9994,299.5586,0.1842,1.02,1.89,11,time
UVXY,2024-08-05,2024-08-05,325.9248,298.0571,0.1671,-4.66,-8.55,0,stop
MMM,2024-07-29,2024-08-13,128.3840,123.0597,0.4276,-2.28,-4.15,11,time
FTNT,2024-08-08,2024-08-23,69.9332,74.6554,0.7515,3.55,6.75,11,time
SBUX,2024-08-14,2024-08-29,95.6762,95.1836,0.5538,-0.27,-0.51,11,time
CAVA,2024-08-26,2024-08-29,123.7802,113.1966,0.4320,-4.57,-8.55,3,stop
AFRM,2024-08-30,2024-09-06,41.6245,38.0655,1.2531,-4.46,-8.55,4,stop
MDB,2024-09-03,2024-09-18,291.6624,285.6604,0.1822,-1.09,-2.06,11,time
CEG,2024-09-23,2024-10-08,260.3387,278.0533,0.1932,3.42,6.80,11,time
JD,2024-09-25,2024-10-10,32.6115,42.8710,1.5291,15.69,31.46,11,time
KWEB,2024-09-27,2024-10-14,33.4601,34.0077,1.5167,0.83,1.64,11,time
CDNS,2024-10-30,2024-11-14,281.3415,303.5466,0.2024,4.50,7.89,11,time
RDDT,2024-10-31,2024-11-15,117.7572,128.4036,0.4886,5.20,9.04,11,time
RBLX,2024-11-01,2024-11-18,51.2633,50.8470,1.0996,-0.46,-0.81,11,time
SPOT,2024-11-14,2024-12-02,472.4130,477.3287,0.1301,0.64,1.04,11,time
MRVL,2024-12-05,2024-12-09,116.9498,106.9502,0.5259,-5.26,-8.55,2,stop
SNOW,2024-11-22,2024-12-10,175.5250,178.4630,0.3416,1.00,1.67,11,time
CRM,2024-12-05,2024-12-10,361.8623,350.2960,0.1638,-1.89,-3.20,3,lost_gap
QUBT,2024-12-19,2024-12-19,22.0660,20.1793,2.6039,-4.91,-8.55,0,stop
AVGO,2024-12-16,2025-01-02,232.4854,235.4465,0.2503,0.74,1.27,11,time
CEG,2025-01-13,2025-01-14,298.3875,283.0433,0.1904,-2.92,-5.14,1,lost_gap
RKLB,2025-01-22,2025-02-03,29.7389,27.1084,1.8775,-4.94,-8.85,8,stop
IBM,2025-01-31,2025-02-18,256.8182,261.1442,0.2145,0.93,1.68,11,time
SPOT,2025-02-05,2025-02-21,610.6765,634.4609,0.0896,2.13,3.89,11,time
EXPE,2025-02-10,2025-02-26,205.1135,201.3940,0.2572,-0.96,-1.81,11,time
OKTA,2025-03-05,2025-03-20,108.9659,111.9531,0.5037,1.50,2.74,11,time
VXX,2025-04-07,2025-04-07,81.9852,74.9752,0.6756,-4.74,-8.55,0,stop
DUOL,2025-05-05,2025-05-20,482.1020,516.0273,0.1116,3.79,7.04,11,time
NRG,2025-05-13,2025-05-29,150.0789,157.6257,0.3674,2.77,5.03,11,time
COIN,2025-05-14,2025-05-30,257.6256,246.1294,0.2037,-2.34,-4.46,11,time
DG,2025-06-04,2025-06-20,115.0692,111.8534,0.4799,-1.54,-2.79,11,time
FERG,2025-06-04,2025-06-20,215.0933,213.6122,0.2549,-0.38,-0.69,11,time
DDOG,2025-07-07,2025-07-09,155.4650,144.9638,0.3511,-3.69,-6.75,2,lost_gap
TLN,2025-07-21,2025-07-22,328.5828,300.4878,0.1640,-4.61,-8.55,1,stop
UAL,2025-07-11,2025-07-28,91.2630,91.0859,0.5846,-0.10,-0.19,11,time
U,2025-07-17,2025-07-29,34.9545,31.9658,1.5106,-4.51,-8.55,8,stop
DHI,2025-07-23,2025-07-31,154.2163,140.8960,0.3196,-4.26,-8.64,6,stop
IDXX,2025-08-05,2025-08-06,678.5094,645.0690,0.0729,-2.44,-4.93,1,lost_gap
AXON,2025-08-06,2025-08-12,862.3393,788.6063,0.0561,-4.14,-8.55,4,stop
SHOP,2025-08-07,2025-08-15,154.9234,143.8372,0.3027,-3.36,-7.16,6,lost_gap
EBAY,2025-08-01,2025-08-18,89.4475,100.3381,0.5462,5.95,12.18,11,time
SNOW,2025-08-29,2025-09-04,237.6408,217.3217,0.2039,-4.14,-8.55,3,stop
MDB,2025-08-28,2025-09-15,300.3885,334.5035,0.1582,5.40,11.36,11,time
BIDU,2025-09-18,2025-09-24,134.0168,129.9988,0.3577,-1.44,-3.00,4,lost_gap
QUBT,2025-10-06,2025-10-09,21.7149,21.1364,2.1858,-1.26,-2.66,3,lost_gap
CRML,2025-10-14,2025-10-14,30.3407,27.7465,1.5505,-4.02,-8.55,0,stop
BYND,2025-10-22,2025-10-22,185.6553,169.7811,0.2462,-3.91,-8.55,0,stop
CCJ,2025-10-29,2025-11-04,104.4725,95.5397,0.4307,-3.85,-8.55,4,stop
W,2025-10-29,2025-11-05,105.9469,96.8881,0.4239,-3.84,-8.55,5,stop
GM,2025-10-22,2025-11-06,67.2511,68.4789,0.5856,0.72,1.83,11,time
U,2025-11-06,2025-11-07,41.5142,37.9646,1.0136,-3.60,-8.55,1,stop
LITE,2025-11-06,2025-11-13,244.4512,223.5497,0.1733,-3.62,-8.55,5,stop
DDOG,2025-11-07,2025-11-19,184.8429,176.7382,0.2233,-1.81,-4.38,8,lost_gap
GEV,2025-12-11,2025-12-15,713.2834,686.4146,0.0554,-1.49,-3.77,2,lost_gap
ULTA,2025-12-08,2025-12-23,613.6755,613.6435,0.0637,-0.00,-0.01,11,time
CVNA,2025-12-09,2025-12-24,88.5649,87.1278,0.4353,-0.63,-1.62,11,time
BIDU,2026-01-05,2026-01-09,145.1060,141.5740,0.2644,-0.93,-2.43,4,lost_gap
PEN,2026-01-16,2026-02-03,351.0400,356.3577,0.1084,0.58,1.51,11,time
META,2026-01-30,2026-02-03,729.6825,705.2479,0.0524,-1.28,-3.35,2,lost_gap
ENPH,2026-02-05,2026-02-06,50.7668,48.4741,0.7376,-1.69,-4.52,1,lost_gap
RCL,2026-01-30,2026-02-17,338.5526,323.0280,0.1118,-1.73,-4.59,11,time
VRT,2026-02-12,2026-03-02,244.6818,248.6917,0.1515,0.61,1.64,11,time
AAOI,2026-03-02,2026-03-02,107.8726,98.6492,0.3459,-3.19,-8.55,0,stop
KEYS,2026-02-25,2026-03-06,302.3844,276.5295,0.1227,-3.17,-8.55,7,stop
USO,2026-03-09,2026-03-09,119.7783,109.5368,0.3147,-3.22,-8.55,0,stop
SOXS,2026-03-09,2026-03-09,474.2184,433.6711,0.0648,-2.63,-8.55,0,stop
CRCL,2026-02-26,2026-03-13,81.8097,117.9800,0.4382,15.85,44.21,11,time
AGX,2026-03-30,2026-03-30,572.2817,523.3496,0.0666,-3.26,-8.55,0,stop
QBTS,2026-04-16,2026-04-16,22.0660,20.1793,1.6769,-3.16,-8.55,0,stop
TXN,2026-04-24,2026-04-28,288.6935,264.0092,0.1245,-3.07,-8.55,2,stop
URI,2026-04-24,2026-05-05,1000.9840,927.5191,0.0356,-2.62,-7.34,7,lost_gap
TEAM,2026-05-04,2026-05-13,88.4345,80.8731,0.3902,-2.95,-8.55,7,stop
NXPI,2026-04-30,2026-05-15,290.3083,286.7422,0.1183,-0.42,-1.23,11,time
DOCN,2026-05-06,2026-05-18,155.3848,142.0988,0.2143,-2.85,-8.55,8,stop
FUTU,2026-05-27,2026-05-29,111.3681,101.8457,0.2912,-2.77,-8.55,2,stop
RGTI,2026-05-22,2026-06-05,23.0289,21.0598,1.3886,-2.73,-8.55,9,stop
QBTS,2026-05-22,2026-06-05,26.4190,24.1601,1.1931,-2.70,-8.55,9,stop
OKTA,2026-06-01,2026-06-05,128.6949,117.6911,0.2305,-2.54,-8.55,4,stop
TECH,2026-06-26,2026-07-14,71.0625,71.1359,0.3996,0.03,0.10,11,time
PYPL,2026-07-16,2026-07-31,55.5762,56.9387,0.5112,0.70,2.45,11,time
MOD,2026-07-31,2026-08-17,201.5228,209.8685,0.1421,1.19,4.14,11,time
MSFT,2026-07-31,2026-08-17,451.3500,488.6696,0.0627,2.34,8.27,11,time
AMZN,2026-08-03,2026-08-18,279.1249,259.8481,0.1035,-2.00,-6.91,11,lost_gap
MRNA,2026-08-20,2026-08-20,150.5904,137.7144,0.1936,-2.49,-8.55,0,stop
OKTA,2026-08-28,2026-09-02,172.7166,157.9487,0.1633,-2.41,-8.55,3,stop
MRK,2026-08-20,2026-09-04,151.2323,150.3775,0.2029,-0.17,-0.57,11,time
CRM,2026-08-28,2026-09-15,251.2214,256.1193,0.1038,0.51,1.95,11,time
DELL,2026-09-03,2026-09-21,487.7689,585.0097,0.0529,5.14,19.94,11,time
ROIV,2026-09-09,2026-09-23,41.5142,37.8860,0.6792,-2.46,-8.74,10,lost_gap
