date,symbol,entry,exit,return_pct,risk_pct,reason,minutes,pnl
2026-08-03,MSFU,36.9991,36.3682,-1.70,5.72,close,365,-1.42
2026-08-03,AAL,16.3212,16.0096,-1.91,3.33,close,360,-1.59
2026-08-04,MUU,27.4767,27.4968,0.07,6.04,close,365,0.06
2026-08-04,SNXX,12.3112,12.6265,2.56,7.67,close,360,2.11
2026-08-05,NVDL,35.9287,35.0737,-2.38,4.59,close,341,-1.98
2026-08-05,CMG,35.2855,34.4220,-2.45,3.10,close,362,-2.03
2026-08-06,NVDL,36.5217,35.0489,-4.03,3.07,stop,36,-3.30
2026-08-07,DKNG,23.2004,23.8103,2.63,5.15,close,365,2.12
2026-08-10,ACHR,6.6531,6.2287,-6.38,5.44,stop,135,-5.19
2026-08-10,SPCH,8.6329,8.0694,-6.53,5.59,stop,48,-5.31
2026-08-11,CIFR,17.8086,17.1090,-3.93,4.21,close,365,-3.06
2026-08-12,MUU,29.2857,28.9495,-1.15,4.36,close,363,-0.88
2026-08-12,SNXX,11.4570,11.0644,-3.43,7.81,close,360,-2.63
2026-08-13,FIGR,33.1047,31.4221,-5.08,7.10,close,131,-3.84
2026-08-13,SMCX,14.1202,15.5767,10.31,7.62,target,72,7.80
2026-08-17,SNXX,18.5724,18.9448,2.01,6.06,close,361,1.54
2026-08-17,MUU,35.6775,35.0937,-1.64,4.42,close,353,-1.26
2026-08-18,SQQQ,38.2805,38.0538,-0.59,1.31,close,355,-0.46
2026-08-18,SNDQ,13.8087,14.6563,6.14,4.80,target,231,4.73
2026-08-19,HL,19.6980,20.2781,2.94,3.32,close,365,2.31
2026-08-19,CDE,20.4216,20.6114,0.93,3.62,close,364,0.73
2026-08-20,BMNR,21.6979,21.3676,-1.52,4.49,close,353,-1.21
2026-08-20,ETHA,17.3413,17.5344,1.11,1.42,target,102,0.89
2026-08-21,MARA,12.3615,11.5321,-6.71,5.77,stop,35,-5.33
2026-08-21,BMNR,22.8738,22.6213,-1.10,3.78,close,365,-0.88
2026-08-24,BMNR,24.1401,24.0044,-0.56,2.66,close,338,-0.43
2026-08-24,SNDQ,18.1804,16.5867,-8.77,7.85,stop,150,-6.78
2026-08-24,ETHA,19.0146,18.6364,-1.99,1.00,stop,105,-1.54
2026-08-25,SMCI,37.8483,37.9108,0.17,4.38,close,365,0.12
2026-08-25,NVDL,32.7925,32.3176,-1.45,2.51,close,365,-1.08
2026-08-26,BBWI,18.8437,18.8801,0.19,7.15,close,240,0.14
2026-08-26,SMMT,15.0649,14.1041,-6.38,5.44,stop,31,-4.72
2026-08-27,NVDL,36.7126,37.0837,1.01,4.02,close,339,0.73
2026-08-27,SMCI,39.1448,37.4220,-4.40,3.44,stop,121,-3.19
2026-08-31,ASST,23.4667,24.1486,2.91,6.00,close,284,2.08
2026-08-31,PURR,12.3112,12.0843,-1.84,6.45,close,186,-1.32
2026-09-01,FRVO,17.8387,19.6164,9.97,7.38,target,198,7.17
2026-09-02,HL,20.4316,20.6114,0.88,3.69,close,344,0.65
2026-09-03,TSLL,10.3816,10.4526,0.68,4.94,close,364,0.51
2026-09-03,BMNR,24.3964,24.8924,2.03,2.04,target,23,1.52
2026-09-03,ASST,26.5169,26.5436,0.10,3.54,close,301,0.08
2026-09-04,MUU,33.4615,33.7305,0.80,5.96,close,352,0.61
2026-09-04,NVDL,38.9940,37.3424,-4.24,3.27,stop,257,-3.19
2026-09-08,SNXX,18.5523,17.3130,-6.68,5.74,stop,267,-4.97
2026-09-10,SNDQ,12.4469,12.0892,-2.87,4.88,close,357,-2.09
2026-09-14,FIG,24.3210,23.7706,-2.26,2.77,close,135,-1.63
2026-09-14,PATH,14.4016,14.7658,2.53,2.37,target,168,1.82
2026-09-15,FPS,31.5570,31.4720,-0.27,6.05,close,364,-0.19
2026-09-15,MUU,29.3460,28.2281,-3.81,2.84,stop,42,-2.75
2026-09-16,CIFR,16.6579,16.5717,-0.52,4.49,close,365,-0.37
2026-09-16,FPS,34.6624,34.8250,0.47,4.32,close,293,0.33
2026-09-17,SMCI,39.1045,40.3423,3.17,2.80,target,59,2.25
2026-09-17,SNXX,14.8639,14.5320,-2.23,6.09,close,364,-1.59
2026-09-17,MUU,31.6373,31.2728,-1.15,5.02,close,365,-0.82
2026-09-18,SNXX,15.8237,17.1364,8.30,6.26,target,365,5.90
2026-09-18,BMNR,25.4265,25.9794,2.17,2.13,target,282,1.55
2026-09-22,VKTX,39.6171,40.8199,3.04,7.81,close,364,2.23
2026-09-23,METU,33.3258,32.4370,-2.67,3.17,close,363,-1.98
2026-09-23,ZSL,24.3260,24.3277,0.01,1.92,close,365,0.01
2026-09-24,SNDQ,10.6731,10.5300,-1.34,4.52,close,116,-0.99
2026-09-28,SOXS,34.3609,34.4071,0.13,4.15,close,365,0.10
2026-09-28,SNDQ,11.1454,10.9450,-1.80,5.86,close,340,-1.32
