symbol,opened_at,closed_at,entry_day_change_pct,entry_price,exit_price,quantity,realized_pnl,return_pct,minutes_held,exit_reason,mfe_pct,mae_pct,nbbo_pnl
RUBI,2026-08-03T13:30:05.000Z,2026-08-03T15:05:05.000Z,9.4170403587444,2.461267997404479,2.1595405235978657,4.062945760037498,-1.225902360389404,-12.259025596757391,95,stop,8.074374785886507,-12.240357316723728,-1.1376248128104987
SDST,2026-08-03T13:30:05.000Z,2026-08-03T15:10:05.000Z,9.425925925925904,0.5999364441734361,0.7118569880798077,16.668431016851954,1.8655398654719058,18.6554000833489,100,take_profit,18.67923792843753,-5.923368136502605,3.982088169925932
NNVC,2026-08-03T13:30:05.000Z,2026-08-03T19:50:05.000Z,9.210526315789469,1.6904276794928073,1.5391337818344089,5.91566263795381,-0.8950036577281948,-8.950036697446432,380,session_close,0,-8.89879415237339,-0.5915662637953805
TOPS,2026-08-03T13:30:05.000Z,2026-08-03T19:50:05.000Z,9.206349206349195,0.6957596931021042,0.7143431120030277,14.37277846252948,0.2670953629393568,2.670953647525592,380,session_close,9.69304597068672,-7.511169965753539,0.6022194175799864
MUZ,2026-08-03T13:30:05.000Z,2026-08-03T19:50:05.000Z,9.010989010989,14.913008942929645,13.29733078907296,0.6705554884747162,-1.083401853677297,-10.834018540723052,380,session_close,1.9244342853185215,-11.41961994019357,-1.2740554281019598
OWL,2026-08-03T13:45:05.000Z,2026-08-03T19:50:05.000Z,3.592233009708723,10.682137359295515,11.21775531789859,0.9361422403956839,0.5014145957628449,5.01414595775614,365,session_close,5.784073167406212,0,0.47743254260179846
INFQ,2026-08-03T13:45:05.000Z,2026-08-03T19:50:05.000Z,2.1363173957273496,10.052017891075415,10.95777120436212,0.9948251293207693,0.9010661570231605,9.010661571651877,365,session_close,9.03283419074221,0,0.9251873702683167
QUBT,2026-08-03T13:45:05.000Z,2026-08-03T19:50:05.000Z,1.4814814814814836,8.231655649078018,8.688237693481764,1.2148224396099363,0.5546661130646505,5.546661131954479,365,session_close,6.053999002956334,-0.14159544051532968,0.5709665466166705
KIDZ,2026-08-03T13:45:05.000Z,2026-08-03T19:50:05.000Z,-0.2730026552312803,0.5631184003210545,0.547938534123117,17.758254698543855,-0.2695679302327914,-2.6956793081673305,365,session_close,8.893618047357732,-5.881249893836271,-0.24328808937005242
RGTI,2026-08-03T13:45:05.000Z,2026-08-03T19:50:05.000Z,0.936454849498336,15.10302296163279,16.086775376833145,0.6621191019182774,0.6513612656623954,6.513612656879662,365,session_close,7.726777886332803,0,0.6422555288607281
BXMT,2026-08-03T13:45:05.000Z,2026-08-03T19:50:05.000Z,-0.4126547455295615,14.492927063896355,14.597056837396675,0.6899917423071985,0.07184868384353985,0.7184868387264577,365,session_close,1.63578368302304,-0.15819484770241976,0.07589909165379005
NRXS,2026-08-03T13:30:05.000Z,2026-08-03T19:55:05.000Z,9.599999999999987,6.882371672658433,6.498680735112865,1.4529874259695381,-0.5574981077121736,-5.574981355189741,385,session_close,0,-8.025891348658742,-0.20341823963573624
RAIN,2026-08-04T13:30:05.000Z,2026-08-04T14:05:05.000Z,-2.5316455696202556,1.550319622284352,1.2797409367785724,6.450282795535162,-1.74530903995645,-17.45309042190214,35,stop,0,-17.436380111479444,-1.2255537311516793
VTGN,2026-08-04T13:30:05.000Z,2026-08-04T15:35:05.000Z,7.755102040816331,0.2658651526458658,0.30773747017240694,37.61305229326828,1.5749456687661259,15.749456861808195,125,take_profit,15.772976238819725,-1.754706323652666,1.6173612486105355
F,2026-08-04T13:30:05.000Z,2026-08-04T19:50:05.000Z,0.485100485100487,14.522914204949755,14.24714724791035,0.6885670367164646,-0.1898840364329397,-1.8988403645971899,380,session_close,0,-3.5317581424184286,-0.02065701110149476
SNAP,2026-08-04T13:30:05.000Z,2026-08-04T19:50:05.000Z,5.753968253968256,5.341082810056099,5.748849306902432,1.872279526456609,0.7634528636203236,7.634528640495851,380,session_close,8.592212595540726,0,0.617852243730681
MBGL,2026-08-04T13:30:05.000Z,2026-08-04T19:50:05.000Z,-2.0657276995305174,20.94507117833199,21.085763961313845,0.4774392893075334,0.06717226231755585,0.6717226300352891,380,session_close,1.4558500139329356,-0.6926268098915167,-0.042969536037677614
IQMX,2026-08-04T13:30:05.000Z,2026-08-04T19:50:05.000Z,1.6000000000000014,10.192287196308548,9.477088590531837,0.9811340430774312,-0.7017056996890468,-7.017057035399697,380,session_close,0,-9.637554136664372,-0.7554732131696227
ARAI,2026-08-04T13:35:05.000Z,2026-08-04T19:50:05.000Z,-1.4758675708017477,0.2555755068489567,0.2521289752989756,39.127378992787776,-0.13485374616671045,-1.3485374997291768,375,session_close,2.631117994815302,-5.624759205682617,-0.019563689496393977
ALP,2026-08-04T13:35:05.000Z,2026-08-04T19:50:05.000Z,-0.46511627906977715,0.19432848285357068,0.1930417506873029,51.45924467589491,-0.0662142653763185,-0.6621428559380877,375,session_close,3.175817078281651,-1.0438422735483233,0.056605169143484346
DBGI,2026-08-05T13:45:05.000Z,2026-08-05T14:05:05.000Z,10.77207582061952,24.07484718503258,20.935776241594635,0.41537127610268726,-1.3038799035526862,-13.038799039146209,20,stop,3.385910650657009,-13.021254759953472,-1.43303090255427
VTIX,2026-08-05T13:45:05.000Z,2026-08-05T14:15:05.000Z,-2.9585798816567976,1.660391227746905,1.9595705730920994,6.022676914221942,1.8018605364225357,18.018605515711535,30,take_profit,18.04446851117456,0,1.3852156902710462
CTOR,2026-08-05T13:30:05.000Z,2026-08-05T14:55:05.000Z,-0.3030303030303161,0.6632603349999999,0.82782480046603,10.15,1.6703293244802055,24.81144383012594,85,take_profit,24.83785872707134,0,2.177175
VNRX,2026-08-05T13:30:05.000Z,2026-08-05T15:10:05.000Z,8.658008658008654,0.8566956419269928,0.746034927858128,11.672756864505706,-1.2917156097784448,-12.917156181622696,100,stop,3.9459005530797286,-12.897887711725886,-0.9781770252455768
CTXR,2026-08-05T13:30:05.000Z,2026-08-05T17:40:05.000Z,2.9397590361445847,0.6443988966598528,0.7416251865295704,15.518323257138888,1.5087889952905658,15.087904460059725,250,take_profit,15.115032605581957,-0.17053049990445324,1.3485422910453693
FGL,2026-08-05T13:30:05.000Z,2026-08-05T19:50:05.000Z,-2.8687572590011534,0.8417111603922545,0.8301529215327983,11.88055552165197,-0.13731829850228439,-1.373183510370683,380,session_close,3.0400974600147457,-5.466383547868414,-0.23642305488087345
CRCD,2026-08-05T13:30:05.000Z,2026-08-05T19:50:05.000Z,5.789473684210522,6.05124733360233,5.748554166464873,1.6525518518720053,-0.500216153902006,-5.002161545382777,380,session_close,2.6234701317879194,-7.787606548248527,-1.0741587037168028
GME,2026-08-05T13:40:05.000Z,2026-08-05T19:50:05.000Z,-0.676730869338904,19.093829834746927,19.016181030456323,0.5237293976800049,-0.04066696150169053,-0.406669615067474,370,session_close,1.1845196443590833,-0.7532791272979011,-0.010474587953599013
OMH,2026-08-05T13:30:05.000Z,2026-08-06T13:35:05.000Z,0.6363636363636349,0.11164092960087572,0.11047782865115464,89.57287819353522,0.037589285840642195,0.3758928813903064,1445,session_close,4.979419661765938,-2.4551296828813074,-0.11733118074836213
GCDT,2026-08-06T13:30:05.000Z,2026-08-06T15:15:05.000Z,-2.8858218318695172,0.39016491999999997,0.4528784146875,14.350000000000001,0.8999386487656257,16.07358618696423,105,take_profit,16.156009105072798,-1.6569711085250738,0.8853949999999999
CODX,2026-08-06T13:40:05.000Z,2026-08-06T16:25:05.000Z,1.324503311258285,1.5503961254726293,1.3595654360336997,6.449964427623822,-1.2308511585800246,-12.308511760551253,165,stop,0,-12.280482538911663,-1.225493241248527
AISP,2026-08-06T13:30:05.000Z,2026-08-06T19:50:05.000Z,-1.0471204188481575,1.9105271399630774,1.8978313490858534,5.23415741192356,-0.0664517679202538,-0.6645176931362207,380,session_close,7.300229194316388,-3.1680858490315433,0.20936629647694183
SNOA,2026-08-06T13:30:05.000Z,2026-08-06T19:50:05.000Z,10.619469026548689,1.2603499735690649,1.2195403170492634,7.934303958249261,-0.32379621925985386,-3.2379622625163815,380,session_close,2.3525232715300604,-4.78835044508833,-0.15868607916498512
GVH,2026-08-06T13:30:05.000Z,2026-08-06T19:50:05.000Z,7.954545454545459,0.9601130849809152,0.9586020594995096,10.415437897125157,-0.015737992062553476,-0.15737994878338907,380,session_close,5.195941582243568,-6.958876618397847,0.22913963373675372
OPTU,2026-08-06T13:40:05.000Z,2026-08-06T19:50:05.000Z,0.3698507843387322,0.7914182081679354,0.8054131437720132,12.635542320399265,0.17683360109658788,1.7683363182248353,370,session_close,4.710757403265808,-0.8994243617939324,0.0657048200660757
JOBY,2026-08-06T13:40:05.000Z,2026-08-06T19:50:05.000Z,3.589743589743599,8.091619854008076,8.168364396834301,1.2358464905624371,0.09484447392160829,0.9484447392595956,370,session_close,5.912044246059889,-0.2671882070357845,0
OKLL,2026-08-06T13:40:05.000Z,2026-08-06T19:50:05.000Z,-2.6666666666666727,2.930587588486089,2.8493632623374867,3.4122849759555844,-0.27716054779899124,-2.7716054782911894,370,session_close,4.757148773223663,-3.7735636675925943,-0.44359704687422585
DVLT,2026-08-06T13:40:05.000Z,2026-08-06T19:50:05.000Z,10.23008849557523,0.3122629589853959,0.3134339472477797,32.02429141496742,0.03750006935808403,0.3750006937065279,370,session_close,3.43846130501384,-3.959150014323054,0.1857408902068105
SBFM,2026-08-07T13:30:05.000Z,2026-08-07T14:00:05.000Z,6.428571428571428,1.5003082583966785,1.2597441171591652,6.665296903300769,-1.603431425635606,-16.03431427449415,30,stop,0,-16.01725892340862,-0.9331415664621066
XBIO,2026-08-07T13:30:05.000Z,2026-08-07T19:50:05.000Z,-1.1102230246251565e-14,2.8607829127234243,2.909391885704413,3.4955465350723873,0.16991492707712294,1.6991493050660678,380,session_close,9.760163416620982,-0.7264764002536395,0.3495546535072389
UAVS,2026-08-07T13:30:05.000Z,2026-08-07T19:50:05.000Z,19.710467706013368,0.8629322450484749,0.9139777473905746,11.588393582971625,0.5915353717807512,5.915354610399596,380,session_close,10.054990464129766,-1.0466922635354203,0.6918270969034062
ZYME,2026-08-07T13:35:05.000Z,2026-08-07T19:50:05.000Z,1.2970168612191912,23.53546111174846,23.875127367701758,0.4248907585898785,0.1443210531593802,1.4432105423409018,375,session_close,2.6111189635658727,0,0.09347596688977333
RKT,2026-08-07T13:40:05.000Z,2026-08-07T19:50:05.000Z,-0.03782148260211837,13.232648242467995,13.577282632498639,0.7557066292722449,0.2604424932213537,2.6044249323018835,370,session_close,3.229525562090352,0,0.21915492248895063
CDE,2026-08-07T13:40:05.000Z,2026-08-07T19:50:05.000Z,9.361022364217252,17.133426791599756,17.466504892423004,0.5836544038470117,0.19440250037048715,1.9440250037228393,370,session_close,2.0227897934006034,-2.179521914336713,0.2626444817311544
EQX,2026-08-07T13:40:05.000Z,2026-08-07T19:50:05.000Z,8.65921787709496,11.682338372567244,11.567684374522536,0.855993011046115,-0.09814302101476564,-0.9814302101875607,370,session_close,0.23678159757563044,-2.245598134559035,-0.09415923121507319
AZIO,2026-08-07T13:35:05.000Z,2026-08-07T19:55:05.000Z,0,1.4807674535632,1.4387955525010931,6.753253743137421,-0.28261825533340906,-2.8261830200805487,380,session_close,0.6234973908012087,-5.454431981797536,-0.13506507486274977
ATOS,2026-08-07T13:35:05.000Z,2026-08-10T13:30:05.000Z,-2.4793388429752095,2.380714933954983,2.2688550615498837,4.200418771631977,-0.46985830784273647,-4.698583220094774,4315,time,1.2300954485284565,-5.490574788718261,-0.3780376894468791
LITU,2026-08-10T13:30:05.000Z,2026-08-10T13:35:05.000Z,9.945571499257788,22.39472794721972,19.305891640997242,0.4465336663164652,-1.3792694004689314,-13.79269403719617,5,stop,0,-13.77434883107248,-0.6028204495272291
VIVK,2026-08-10T13:35:05.000Z,2026-08-10T13:45:05.000Z,9.523809523809511,1.390279644211306,1.8596276256744237,7.192797534839566,3.375925069635114,33.75925070438345,10,take_profit,33.78603417984751,0,2.373623186497058
STDN,2026-08-10T13:35:05.000Z,2026-08-10T19:45:05.000Z,9.834123222748815,9.311873344333746,10.847762710840959,1.073897767696078,1.6493881621202393,16.493881625245667,370,take_profit,16.517907823587397,-1.0940155709456056,1.2671993658813712
SLI,2026-08-10T13:30:05.000Z,2026-08-10T19:50:05.000Z,9.282700421940927,2.6206255604717805,2.5294822809135793,3.8158827641385944,-0.3477920695332056,-3.4779207275148867,380,session_close,0,-5.747694853615936,-0.03815882764138756
AWX,2026-08-10T13:30:05.000Z,2026-08-10T19:50:05.000Z,9.23076923076922,2.880739356753307,2.729314225167386,3.4713310077744928,-0.5256467546305402,-5.256467622832159,380,session_close,0,-8.009726954727292,-0.2777064806219567
GENC,2026-08-10T13:30:05.000Z,2026-08-10T19:50:05.000Z,6.219765031098823,15.563646062886779,15.956498004037968,0.6425229588994582,0.25241639163785795,2.524163936675403,380,session_close,3.7032064002509024,-0.15193138414504315,-0.3855137753396747
TTD,2026-08-10T13:30:05.000Z,2026-08-10T19:50:05.000Z,-2.3188405797101463,13.492970568113094,13.13737027495978,0.7411266410932693,-0.2635448508364975,-2.635448520088504,380,session_close,0,-4.913451524750534,-0.3335069884919708
QNTM,2026-08-10T13:30:05.000Z,2026-08-10T19:50:05.000Z,0,3.4711467489089185,3.4092500243400403,2.880892192772137,-0.17831779056864847,-1.7831779825596286,380,session_close,10.338175739872701,-7.523356625328637,-0.17285353156632866
MPG,2026-08-10T13:35:05.000Z,2026-08-10T19:50:05.000Z,9.518599562363228,5.041060966175722,5.258398825716038,1.9837093907372303,0.4311351529328538,4.311351538864526,375,session_close,5.731710760155195,-0.41778836473188585,0.23804512688846557
SMCL,2026-08-10T13:35:05.000Z,2026-08-10T19:50:05.000Z,9.22014622258327,13.492717339960667,12.677352123068832,0.7411405534670359,-0.6043002281249837,-6.043002282994621,375,session_close,1.8327120757726911,-6.245719959350482,-0.7411405534670354
GME.WS,2026-08-10T13:35:05.000Z,2026-08-10T19:50:05.000Z,9.15032679738561,1.7110497806062106,1.5384279100691627,5.84436383607923,-1.0088650174830736,-10.08865273784667,375,session_close,0,-11.165647123283772,-0.7597672986902992
BOIL,2026-08-10T13:35:05.000Z,2026-08-10T19:50:05.000Z,9.100418410041833,20.874180741919655,20.675529756557562,0.4790607173037904,-0.09516588354066906,-0.9516588354682631,375,session_close,0.36322028163759956,-1.026055798633263,-0.07664971476860671
MTEK,2026-08-11T13:30:05.000Z,2026-08-11T16:20:05.000Z,4.201680672268915,1.2615005116947893,1.1095580241299658,7.927058379614143,-1.2044569692701512,-12.044583902759824,170,stop,0,-12.00954817618367,-0.9512470055536983
PSKY,2026-08-11T13:30:05.000Z,2026-08-11T19:50:05.000Z,0.21574973031284195,9.313105366312188,9.328124088115143,1.073755655207939,0.0161264374699174,0.16126438188148454,380,session_close,0.18140709272895794,-1.858728743028637,0.10737556552079397
TRIP,2026-08-11T13:30:05.000Z,2026-08-11T19:50:05.000Z,-2.0408163265306145,10.6022984052842,10.837802024046741,0.9431917100662992,0.22212506090744305,2.2212506171790625,380,session_close,3.8454076571981854,0,0.09431917100662801
NNOX,2026-08-11T13:30:05.000Z,2026-08-11T19:50:05.000Z,1.4084507042253724,1.1106167253170245,1.0894645884561294,9.00400452888057,-0.1904539360910013,-1.904539737131841,380,session_close,0,-7.258735032466978,-0.09004004528880571
QMLS,2026-08-11T13:30:05.000Z,2026-08-11T19:50:05.000Z,6.218487394957983,6.351353902889357,5.988774423801128,1.5744674481584913,-0.5708695871946787,-5.708695888026083,380,session_close,0,-8.680887749595168,-0.5668082813370567
RNW,2026-08-11T13:30:05.000Z,2026-08-11T19:50:05.000Z,10.2773246329527,6.771358231991022,6.818621520651841,1.476808589375985,0.06979883065645388,0.6979883066520578,380,session_close,1.0137075259832207,-0.3154202046218191,0.07384042946879887
ASPN,2026-08-11T13:35:05.000Z,2026-08-11T19:50:05.000Z,-0.5564387917328939,6.281419468609412,6.118648673540808,1.5919968394325181,-0.2591305913011356,-2.5913059282544353,375,session_close,0.4550011591076597,-4.320989387284135,-0.2865594310978512
AKAN,2026-08-11T13:35:05.000Z,2026-08-11T19:50:05.000Z,-0.9980039920159611,4.991175012141238,5.218864515928379,2.003536219860241,0.45618416771954196,4.561841715293025,375,session_close,5.185652421106446,-10.642283847974344,0.24042434638322874
TDIC,2026-08-11T13:35:05.000Z,2026-08-11T19:50:05.000Z,11.007462686567159,3.000610113257835,2.867034819631921,3.33265556526713,-0.4451604456845941,-4.4516044598972675,375,session_close,4.978650377871596,-9.018503005844602,-0.5332248904427406
WETH,2026-08-12T13:35:05.000Z,2026-08-12T15:55:05.000Z,8.715596330275233,1.2105520322165801,1.1196479135590722,8.260693109540238,-0.9308657676798515,-9.308658764728055,140,stop,0,-14.088781620092028,-0.826069310954022
IVDA,2026-08-12T13:30:05.000Z,2026-08-12T16:35:05.000Z,0.3355704697986628,0.303668828775667,0.4158166296471256,32.9305907449409,3.69309348613572,36.93095730648988,185,take_profit,36.95841014595638,-3.6121023089169646,3.6520025136139456
BMBL,2026-08-12T13:30:05.000Z,2026-08-12T19:50:05.000Z,-0.7194244604316502,2.7805959658485233,2.5894296357661566,3.5963513189286433,-0.687501283326468,-6.875012854448656,380,session_close,0,-7.573770818740943,-0.6833067505964419
BMNR,2026-08-12T13:30:05.000Z,2026-08-12T19:50:05.000Z,1.1608623548922115,18.32368162443728,17.926411754030184,0.5457418548863356,-0.21680679596642338,-2.168067960083307,380,session_close,0,-2.585078883959413,-0.11460578952613076
SMMT,2026-08-12T13:30:05.000Z,2026-08-12T19:50:05.000Z,2.0178630499503747,15.47379607490595,15.006985817404423,0.6462538242233428,-0.30167791409704486,-3.0167791745592316,380,session_close,1.1387246170304843,-2.9972999040493664,-0.3360519885961377
FGL,2026-08-12T13:30:05.000Z,2026-08-12T19:50:05.000Z,2.516469038208169,0.7842727533327035,0.7771177633949002,12.750664418316434,-0.0912308756133604,-0.912308875630159,380,session_close,4.797724580817397,-2.941929734860449,-0.11475597976484941
ZBAO,2026-08-12T13:30:05.000Z,2026-08-12T19:50:05.000Z,0.10256410256408444,0.19636147131604972,0.2070466112356192,50.92648562225813,0.5441566244857718,5.441566437629422,380,session_close,9.441021479265643,-3.2396738899000965,0.5347280990337104
KEY,2026-08-12T13:35:05.000Z,2026-08-12T19:50:05.000Z,0.3525782282943979,22.794563930010554,22.91541275485111,0.43870108812712844,0.05301651095643722,0.5301651095919926,375,session_close,0.7696399480512595,-0.45872309876868744,0.07896619586288445
HYLN,2026-08-13T13:30:05.000Z,2026-08-13T13:45:05.000Z,4.113110539845777,4.071034402534803,4.689057265479757,2.4563781274286813,1.5180978427888399,15.180978636784465,15,take_profit,15.204135761658089,0,0.7614772195028934
SMTK,2026-08-13T13:30:05.000Z,2026-08-13T15:15:05.000Z,0.07639419404126269,0.13171039617729843,0.11563619139093972,75.92411025946849,-1.2204196965327747,-12.204203504726268,105,stop,0,-12.155757360069341,-1.2527478192812307
GSUN,2026-08-13T13:30:05.000Z,2026-08-13T16:05:05.000Z,4.902238594502695,0.3754010311211011,0.3173730425487321,26.638138913336675,-1.545757620452279,-15.457599676557543,155,stop,14.197874928506815,-15.423780522974306,-1.1507676010561454
IPWR,2026-08-13T13:30:05.000Z,2026-08-13T19:50:05.000Z,8.447488584474883,4.771198796456964,4.239091015540901,2.0959092877190977,-1.1152496400895757,-11.15249654470906,380,session_close,7.520147846479941,-11.343035986235828,-1.1737092011226942
SLGB,2026-08-13T13:30:05.000Z,2026-08-13T19:50:05.000Z,0.6239168110918625,0.585209186056186,0.5866782393720937,17.087903781284172,0.025103041711807963,0.2510304607157514,380,session_close,4.817219998509614,-4.854535221437628,0.1982196838628969
LGHL,2026-08-13T13:30:05.000Z,2026-08-13T19:50:05.000Z,3.3079847908745075,0.8192488660479077,0.7711975382226302,12.206302747407037,-0.5865290548502415,-5.8652907335812685,380,session_close,2.4963274042415717,-9.575706393876192,-0.7384813162181256
MLCO,2026-08-13T13:35:05.000Z,2026-08-13T19:50:05.000Z,-2.1739130434782483,5.431094563730968,5.5088869571527885,1.8412494718103176,0.14323520329878667,1.432352033443135,375,session_close,2.9258455069113953,-0.388403543400595,0.05523748415430774
HCAT,2026-08-13T13:35:05.000Z,2026-08-13T19:50:05.000Z,0,1.8021694112545703,1.7796383542088317,5.548861180681856,-0.12502170780082764,-1.2502185923827096,375,session_close,2.0991693960166646,-4.00458529613651,-0.1664658354204569
UAA,2026-08-13T13:35:05.000Z,2026-08-13T19:50:05.000Z,2.281368821292773,5.391104703928595,5.338923301456463,1.854907396356205,-0.09679166939779779,-0.9679166949606186,375,session_close,0.3504902447477143,-1.6899078933155454,-0.0927453698178109
CSQR,2026-08-13T13:35:05.000Z,2026-08-13T19:50:05.000Z,0.08703220191470518,23.05488050549425,22.84537261733708,0.43374763849994435,-0.09087355173528272,-0.9087355196104412,375,session_close,0.45595332615451234,-3.751398777747461,-0.26458605948496583
FWDI,2026-08-13T13:35:05.000Z,2026-08-13T19:50:05.000Z,-1.8181818181818188,4.340908688208803,4.109089612549599,2.3036651306528584,-0.5340335212162851,-5.340335222643441,375,session_close,0,-6.931928538975263,-0.645026236582801
LFS,2026-08-14T13:30:05.000Z,2026-08-14T14:20:05.000Z,13.888888888888884,2.470605232200236,2.9894007496386465,4.047591156750643,2.099872148545585,20.998721717123107,50,take_profit,21.022976922023638,-1.2387746857064674,2.1856992246453473
VNRX,2026-08-14T13:30:05.000Z,2026-08-14T18:10:05.000Z,-1.6650808753567947,0.623950697425458,0.5413887325618514,16.026906019457176,-1.3232128516507478,-13.232129590410477,280,stop,0,-13.214296861220864,-1.3558762492460765
CYCU,2026-08-14T13:45:05.000Z,2026-08-14T19:15:05.000Z,4.042857142857148,0.7304466039900402,0.6380556439968975,13.690254624883341,-1.2648557673435339,-12.648557675326325,330,stop,2.1977507900329263,-12.628794970932333,-1.2348609671644777
EIKN,2026-08-14T13:30:05.000Z,2026-08-14T19:50:05.000Z,3.7754114230396763,10.742280037473384,11.007636238308502,0.9309010693280942,0.2470203711102519,2.4702037175483147,380,session_close,3.79546950092835,-8.026974110388153,0.3537424063446757
ONDS,2026-08-14T13:45:05.000Z,2026-08-14T19:50:05.000Z,4.489337822671158,9.321864573358708,9.168165129418115,1.0727467580312535,-0.1648805801984768,-1.6488058020050569,365,session_close,2.232766041636447,-2.809143721172469,-0.12872961096375057
RCAT,2026-08-14T13:45:05.000Z,2026-08-14T19:50:05.000Z,5.13196480938416,10.772157879523188,11.097774349822284,0.9283191084942629,0.30227599141910527,3.0227599144091704,365,session_close,4.435899713140512,-0.11286391880961366,0.29706211471816246
AEBI,2026-08-14T13:45:05.000Z,2026-08-14T19:50:05.000Z,-0.8035062089116085,13.644579230271178,12.797357011549941,0.7328917495867631,-0.6209221741673867,-6.209222024535813,365,session_close,0,-9.341286446147501,-0.9747460269503936
FIRY,2026-08-14T13:45:05.000Z,2026-08-14T19:50:05.000Z,-2.075098814229237,9.964418108018343,9.577938506535464,1.0035707867036996,-0.38785963770510523,-3.8785967960525447,365,session_close,0,-6.166121306410477,-0.4014283146814801
BRUN,2026-08-14T13:45:05.000Z,2026-08-14T19:50:05.000Z,1.6407982261640752,22.964594964689155,22.78541816263424,0.4354529228631225,-0.07802306216407984,-0.7802306216609566,365,session_close,4.290975028412314,-4.200356967637953,-0.2090174029742986
PMN,2026-08-14T13:30:05.000Z,2026-08-17T13:40:05.000Z,1.893171061528065,15.123453455172918,14.376787776159889,0.6612246313171877,-0.49371373832258775,-4.937137415248467,4330,time,0,-5.709366962593965,-0.9918369469757806
BRNX,2026-08-17T13:45:05.000Z,2026-08-17T17:05:05.000Z,-2.2535211267605604,3.5007399787515903,3.098772903941741,2.856538913644544,-1.1677242804802574,-11.67724283299717,200,stop,0.26451611101123707,-12.018601247317761,-1.134050176321372
DCH,2026-08-17T13:40:05.000Z,2026-08-17T19:50:05.000Z,0.7429420505200346,6.801429895816782,6.798635325726239,1.470279063604065,-0.004108797895900081,-0.041087979047791136,370,session_close,0.7141160745197217,-1.0502188056178419,-0.04410837190812167
FAMI,2026-08-17T13:40:05.000Z,2026-08-17T19:50:05.000Z,6.874999999999987,0.13773104650456042,0.1306575291868479,72.60527089849839,-0.5135746410577375,-5.135746440057953,370,session_close,4.043353794785265,-8.662568685387406,-0.48645531501993844
ITG,2026-08-17T13:45:05.000Z,2026-08-17T19:50:05.000Z,2.1202775636083304,13.333067836776818,12.457359096462417,0.7500149292762716,-0.6567946289335185,-6.567946334893156,365,session_close,0,-7.673161565674125,-0.9000179151315244
GT,2026-08-17T13:45:05.000Z,2026-08-17T19:50:05.000Z,0.49099836333879043,6.151346960812561,6.058753602301538,1.6256602045147024,-0.15052533813373356,-1.5052533876058969,365,session_close,0,-2.4603873229184448,-0.1463094184063234
AAL,2026-08-17T13:45:05.000Z,2026-08-17T19:50:05.000Z,-1.7194875252865893,14.592920303007137,14.477098284205182,0.6852637986122241,-0.07936863656716425,-0.7936863656967136,365,session_close,0.1170409804084338,-1.2534866168592895,-0.04796846590285675
NMRK,2026-08-17T13:50:05.000Z,2026-08-17T19:50:05.000Z,-1.8032786885245788,14.993011831541109,15.076941352361176,0.6669773965701284,0.055979093291946974,0.5597909330232314,360,session_close,2.3810303924918452,0,0.06669773965701253
ZBAO,2026-08-17T13:50:05.000Z,2026-08-17T19:50:05.000Z,-2.209456473707472,0.22324724326304501,0.21654885539338525,44.793386154091,-0.3000434744555487,-3.0004347519612,360,session_close,0.20280507402348213,-5.70992191291041,-0.5061652635412273
CAMP,2026-08-17T13:50:05.000Z,2026-08-17T19:50:05.000Z,-1.8382352941176516,5.361495610603376,4.90874769621559,1.8651511641160798,-0.844443299571507,-8.444433181897814,360,session_close,0.531649962377112,-11.21880263062801,-1.0631361635461651
GCTK,2026-08-17T13:50:05.000Z,2026-08-17T19:50:05.000Z,2.4224278715296643,0.3784779204243992,0.33997088406841214,26.42161016743643,-1.017417903301192,-10.174183031022764,360,session_close,5.580795717730624,-11.751787363057986,-0.9485358050109696
DFSC,2026-08-18T13:30:05.000Z,2026-08-18T17:05:05.000Z,9.72222222222221,2.400842191723533,2.1094033461412653,4.165204820626965,-1.2139024845372186,-12.139025488095388,215,stop,0,-12.114173631493097,-1.3745175908068976
ASTN,2026-08-18T13:30:05.000Z,2026-08-18T19:50:05.000Z,9.725685785536164,4.420909447828439,4.4678228728758835,2.2619780174570323,0.10611713618093722,1.0611713630662198,380,session_close,2.6938021141794444,-2.056351728106398,0.02261978017457089
DEFT,2026-08-18T13:30:05.000Z,2026-08-18T19:50:05.000Z,-1.0752688172043112,0.4629694605484383,0.4323075060241761,21.59968652757128,-0.662288606046709,-6.622889226416731,380,session_close,0,-7.186102623060043,-0.743029216548452
AMX,2026-08-18T13:30:05.000Z,2026-08-18T19:50:05.000Z,0.7601351351351315,23.925225599638765,23.66525256601543,0.4179688888629633,-0.10866063999787941,-1.0866064043603454,380,session_close,0.1035492863298515,-1.5683262758635408,-0.17972662221107427
BBWI,2026-08-18T13:30:05.000Z,2026-08-18T19:50:05.000Z,3.7214247740563478,19.54397424679634,20.015986194165933,0.511666658317717,0.24151277579663852,2.4151277596314222,380,session_close,3.5613317149031376,-0.8901682155299406,0.3325833279065158
DVLT,2026-08-18T13:30:05.000Z,2026-08-18T19:50:05.000Z,12.176084920387154,0.3608758774643742,0.3855212214903486,27.71035861027633,0.682931321033382,6.82931322512888,380,session_close,10.176386073145395,-5.230573347545963,1.0197411968581687
KURA,2026-08-18T13:35:05.000Z,2026-08-18T19:50:05.000Z,9.84042553191491,12.41248819147598,12.29748865608816,0.805640242692612,-0.09264825359938123,-0.9264825360864707,375,session_close,1.6717986379759298,-1.3090702602848392,-0.17724085339237305
SPCQ,2026-08-18T13:35:05.000Z,2026-08-18T19:50:05.000Z,9.79757085020243,13.59272597491747,13.077332814926303,0.7356876035959272,-0.37916835878363364,-3.791683588282562,375,session_close,0,-8.186187060423133,-0.23542003315069593
EYPT,2026-08-18T13:35:05.000Z,2026-08-18T19:50:05.000Z,9.65092402464065,5.361073554434369,5.4788942974473525,1.8652980411260809,0.21977080114613773,2.197708011589006,375,session_close,2.404862463768853,-4.683270092921877,0
RAMZ,2026-08-18T13:35:05.000Z,2026-08-18T19:50:05.000Z,9.58199356913183,17.073446490515305,18.01410156500996,0.5857048254266081,0.5509462161935441,5.5094621640522865,375,session_close,6.949701163990851,-0.020186261263765992,0.5447054876467465
SKDD,2026-08-18T13:35:05.000Z,2026-08-18T19:50:05.000Z,9.546413502109697,10.402086534636679,11.13773043273617,0.961345588256916,0.7072080159660662,7.072080160551996,375,session_close,8.632051486723036,-0.11619336751749199,0.6921688235449803
LITZ,2026-08-18T13:35:05.000Z,2026-08-18T19:50:05.000Z,9.222661396574438,8.321673704147162,9.07790479665926,1.2016813387757044,0.9087487916737506,9.087487918869305,375,session_close,10.554683193299397,-1.462130197276612,0.9012610040817783
OLOX,2026-08-19T13:30:05.000Z,2026-08-19T13:40:05.000Z,-1.538461538461544,2.6006513386147194,2.2795058957128562,3.845190520158218,-1.2348654126382566,-12.348654282620085,10,stop,0,-12.329655031170761,-2.1917585964901836
VRAX,2026-08-19T13:30:05.000Z,2026-08-19T13:45:05.000Z,17.391304347826097,3.260656825096329,3.779242353161304,3.066866749070742,1.5904327125717643,15.904327130459508,15,take_profit,15.927563149437773,-0.020143950484874384,1.870788716933152
SKK,2026-08-19T13:30:05.000Z,2026-08-19T13:50:05.000Z,14.999999999999991,4.8611683392869285,6.558684184599971,2.057118619423785,3.49199164334739,34.919916772544404,20,take_profit,34.94698274452821,-4.549695131919074,3.044535556747201
ZNB,2026-08-19T13:35:05.000Z,2026-08-19T18:50:05.000Z,15.695067264573993,2.6005256372373773,3.10937633621956,3.845376431758949,1.9567224851501523,19.567224860076795,315,take_profit,19.59120708011377,-9.249116170717532,0.8075290506693786
PURR,2026-08-19T13:30:05.000Z,2026-08-19T19:15:05.000Z,1.2499999999999956,7.301535741641401,8.638271770581222,1.3695748856155958,1.8307600939335005,18.307600979288218,345,take_profit,18.3312703754253,-4.677587753129631,1.7667516024441188
TGL,2026-08-19T13:30:05.000Z,2026-08-19T19:50:05.000Z,11.985018726591768,3.0106290740643167,3.019362766743572,3.321564940481163,0.02900952740435096,0.2900952745887349,380,session_close,4.629295821804247,-9.985589943781104,0.03321564940481103
KLAR,2026-08-19T13:35:05.000Z,2026-08-19T19:50:05.000Z,-2.5564409030544466,14.692938788712205,14.537090944111897,0.6805990376530442,-0.1060698930552705,-1.0606989305640957,375,session_close,1.2050769000945039,-1.1089598279507062,-0.1293138171540793
BGS,2026-08-19T13:40:05.000Z,2026-08-19T19:50:05.000Z,3.4782608695652195,3.58076798552006,3.5291716895735905,2.792696988269975,-0.14409282029559178,-1.4409282074436285,370,session_close,0,-2.255605106130032,-0.13963484941349869
JTAI,2026-08-19T13:40:05.000Z,2026-08-19T19:50:05.000Z,3.4482758620689724,1.5104766478690215,1.6795596630719636,6.620426505159819,1.1194016754218985,11.19401716282633,370,session_close,11.223169346586182,-0.6935987976909086,0.9268597107223737
GOVX,2026-08-19T13:40:05.000Z,2026-08-19T19:50:05.000Z,-2.9054573405073114,0.6354535787879626,0.5937400478417116,15.736790590093753,-0.6564371012745467,-6.5643710789722185,370,session_close,2.6668228455586362,-6.539199742524094,-0.5366245591221954
PWCM,2026-08-20T13:30:05.000Z,2026-08-20T13:45:05.000Z,10.909090909090914,1.8404189152767456,1.489698737542992,5.43354551184297,-1.905654047638006,-19.05654059641174,15,stop,0,-19.040171363597015,-1.7387345637897518
SOC,2026-08-20T13:30:05.000Z,2026-08-20T19:50:05.000Z,7.740585774058584,5.171046097058618,5.038987834297609,1.9338446820179505,-0.25538016915690503,-2.553801692777896,380,session_close,0.36653904424026607,-5.821763941146408,-0.3867689364035911
CALC,2026-08-20T13:30:05.000Z,2026-08-20T19:50:05.000Z,0.9298531810766786,0.6227086185863423,0.5803732302445833,16.05887285774717,-0.6798586187636593,-6.798587184784391,380,session_close,0,-9.090707418640475,-0.5556370008780522
HIVE,2026-08-20T13:40:05.000Z,2026-08-20T19:50:05.000Z,5.141843971631199,2.9705978669155075,3.0993747068202575,3.36632571804914,0.4335047880604566,4.335047881740526,370,session_close,6.712525290120808,-2.376554150993593,0.40395908616589793
MFA,2026-08-20T13:40:05.000Z,2026-08-20T19:50:05.000Z,-0.7692307692307776,9.04185192001329,8.907717279676339,1.1059681222952866,-0.1483486363082113,-1.483486364558311,370,session_close,0,-2.1218210794698322,-0.13271617467543528
CHWY,2026-08-20T13:40:05.000Z,2026-08-20T19:50:05.000Z,-2.542726135889939,23.39469159383612,23.945196043509203,0.4274473958643347,0.23531169342448724,2.3531169345191296,370,session_close,2.3736513214398958,0,0.2778408073118186
PLRZ,2026-08-20T13:40:05.000Z,2026-08-20T19:50:05.000Z,-1.2511170688114248,11.084067172222397,10.227933158469133,0.9021958484609301,-0.7724005529343879,-7.72400600294816,370,session_close,0,-7.705359043319049,-0.8931738899763211
AUPH,2026-08-20T13:40:05.000Z,2026-08-20T19:50:05.000Z,8.163265306122458,17.523585310621332,17.296482360994194,0.5706594748303768,-0.12959844996665218,-1.2959845008971271,370,session_close,1.0067271408878753,-3.1020210817922944,-0.15978465295250643
COSM,2026-08-20T13:40:05.000Z,2026-08-20T19:55:05.000Z,5.64766839378239,0.20583590409437943,0.21293233719190918,48.58233638023597,0.33643340634921093,3.3643377199071187,375,session_close,6.541179472482628,-2.155068190797993,0.2520116819011804
USDE,2026-08-21T13:35:05.000Z,2026-08-21T13:45:05.000Z,12.375000000000004,4.510903621840314,5.298939427748436,2.216850732714154,1.7469577537324075,17.469577538582527,10,take_profit,17.493088842314,0,1.197099395665644
GOSS,2026-08-21T13:30:05.000Z,2026-08-21T14:15:05.000Z,6.955268055052732,0.16933613903790656,0.14896888545076187,59.05413946536248,-1.202770633861647,-12.027706373171416,45,stop,0,-12.009331943817525,-0.6732171899051309
KNRX,2026-08-21T13:35:05.000Z,2026-08-21T15:30:05.000Z,11.757575757575767,0.3704786196201641,0.5093979494665075,26.992110865246946,3.749726051514102,37.49726061266719,115,take_profit,37.52480521611976,-3.476211294829379,4.804595734013956
PURR,2026-08-21T13:30:05.000Z,2026-08-21T19:50:05.000Z,4.265873015873023,10.532111589469055,10.617874504995278,0.9494772167942711,0.08142993433800014,0.814299343466662,380,session_close,4.2525984151059015,-0.8745785561288355,-0.4652438362291935
INV,2026-08-21T13:30:05.000Z,2026-08-21T19:50:05.000Z,7.333333333333325,1.6303781038190976,1.5196619546060015,6.133546508286142,-0.6790826504168733,-6.790826554511978,380,session_close,0,-6.770092382898252,-0.6746901159114742
PUSA,2026-08-21T13:30:05.000Z,2026-08-21T19:50:05.000Z,6.006006006006004,3.5517511529334582,3.3891068380023466,2.815512158085377,-0.4579270461320118,-4.57927112367601,380,session_close,0,-7.369636600730689,-0.3097063373893896
PSEC,2026-08-21T13:30:05.000Z,2026-08-21T19:50:05.000Z,0.8771929824561431,2.3215793118284185,2.349451482963709,4.307411199410648,0.12005690210004147,1.2005694138159462,380,session_close,1.2241963057983307,-4.375440085586257,0.1292223359823197
ZKH,2026-08-21T13:30:05.000Z,2026-08-21T19:50:05.000Z,0,2.9206170880563525,2.8894184516656307,3.423933940862006,-0.10682207004680466,-1.0682207030256123,380,session_close,0,-2.0754890568928652,0.03423933940861801
BEKE,2026-08-21T13:35:05.000Z,2026-08-21T19:50:05.000Z,2.0306062389641166,17.363476239170126,17.776437841041137,0.5759215413876743,0.2378334822834757,2.3783348229510297,375,session_close,2.3988500637346144,-2.0357458051672883,0.23036861655507046
ELAB,2026-08-21T13:35:05.000Z,2026-08-21T19:50:05.000Z,3.2786885245901676,6.391346198456305,6.358353340541177,1.5646156016294899,-0.051621140236354904,-0.5162114035239889,375,session_close,2.4823221371111703,-7.061833054283895,-0.3129231203258982
SKYQ,2026-08-21T13:35:05.000Z,2026-08-21T19:50:05.000Z,0.9380863039399667,2.7106304436845785,2.7493655126478167,3.6891786364278074,0.14290058889973617,1.4290058998446633,375,session_close,1.821331138313087,-3.712436858334367,0.2582425045499459
BCTX,2026-08-24T13:30:05.000Z,2026-08-24T13:45:05.000Z,-0.49140049140048436,4.0708484898429536,3.529285285364515,2.4564903378958416,-1.3303447791611944,-13.303447815109697,15,stop,0,-13.285890919114474,-0.8843365216425028
TMCR,2026-08-24T13:30:05.000Z,2026-08-24T13:45:05.000Z,-2.287581699346397,6.011373428587415,5.048802817682609,1.6635133474279906,-1.60124905908206,-16.012490695175398,15,stop,0,-15.992575407402764,-1.8797700825936303
OLOX,2026-08-24T13:30:05.000Z,2026-08-24T14:10:05.000Z,11.00478468899524,2.3304914710361357,2.0295918459134596,4.290940387994652,-1.2911423541713412,-12.911423571479375,40,stop,2.553475509498737,-12.893909922894398,-1.1156445008786111
BEZ,2026-08-24T13:30:05.000Z,2026-08-24T15:40:05.000Z,9.899328859060418,13.153013936578008,11.407707029771629,0.7602820145492214,-1.3269254511134239,-13.269254599911505,130,stop,3.5504110744026596,-13.251821559549592,-1.9007050363730524
CYAB,2026-08-24T13:30:05.000Z,2026-08-24T18:20:05.000Z,7.200267916945746,0.3280802017925342,0.2931001498915125,30.480351561999637,-1.0989718808624207,-10.989718928227267,290,stop,2.9016679932078793,-12.003224082822527,-0.9296028632657904
OSPR,2026-08-24T13:30:05.000Z,2026-08-24T19:50:05.000Z,-0.10050251256279452,9.962206360746599,9.847402628939426,1.0037936969199401,-0.1152392623709278,-1.152392629202368,380,session_close,0,-1.4274584925978329,-0.15056905453799097
MVIS,2026-08-24T13:35:05.000Z,2026-08-24T19:50:05.000Z,6.024096385542177,1.7703830196112857,1.6896280769123482,5.648495186495959,-0.45614390512070585,-4.561439067387154,375,session_close,0,-5.105280530262357,-0.28242475932479927
SNAP,2026-08-24T13:35:05.000Z,2026-08-24T19:50:05.000Z,-0.667938931297718,5.211048171902659,5.508897487970859,1.9189997228457758,0.5715727549846803,5.715727551208753,375,session_close,5.73688475399734,-0.020114415911764993,0.5565099196252739
ALKT,2026-08-24T13:35:05.000Z,2026-08-24T19:50:05.000Z,1.422963689892054,20.71591454338358,20.31586761681798,0.48272065105669454,-0.1931109128449765,-1.9311091756427965,375,session_close,0,-2.780058501291316,-0.2027426734438098
CAPR,2026-08-24T13:35:05.000Z,2026-08-24T19:50:05.000Z,11.049284578696339,7.0114032826958645,6.738645014075458,1.4262480129068835,-0.3890209386237766,-3.890209386380235,375,session_close,6.255476965454143,-8.577502369320666,-0.28524960258137533
RCON,2026-08-25T13:30:05.000Z,2026-08-25T13:35:05.000Z,7.665505226480818,3.1006470301536266,2.639470779871156,3.2251332978423815,-1.4873548809600885,-14.873548836663975,5,stop,0,-14.856480782038673,-1.257801986158528
FNGR,2026-08-25T13:30:05.000Z,2026-08-25T13:55:05.000Z,0.20470829068577334,0.19714070072260925,0.17286375753150837,50.72519246370896,-1.2314526157991208,-12.314526174511387,25,stop,0,-12.296142112590747,-1.1413168304334516
NCPL,2026-08-25T13:35:05.000Z,2026-08-25T14:15:05.000Z,1.681658193195168,0.26138113607027225,0.30763710862694493,38.258306652392164,1.76967518257782,17.69675243290579,40,take_profit,17.720813608092566,0,2.196026801847312
AXTL,2026-08-25T13:30:05.000Z,2026-08-25T19:50:05.000Z,9.818181818181815,3.050646046590128,2.899309923771288,3.2779941763970477,-0.4960789292786663,-4.960789305202965,380,session_close,2.9290173964871435,-6.249366320397076,-0.3933593011676457
COHX,2026-08-25T13:30:05.000Z,2026-08-25T19:50:05.000Z,9.31506849315069,24.004980207738434,23.575025772827676,0.41658022201569345,-0.17911051395175578,-1.7911051423077406,380,session_close,1.228994107508008,-4.7697610988628565,0.033326417761255556
AVXL,2026-08-25T13:30:05.000Z,2026-08-25T19:50:05.000Z,9.0032154340836,3.4108936295493124,3.5592667862858653,2.9317829646639257,0.4349978933336365,4.349979004069902,380,session_close,7.010079950288017,0,0.2638604668197537
RIME,2026-08-25T13:30:05.000Z,2026-08-25T19:50:05.000Z,-2.8887523048555686,0.31949078011398296,0.29713062461459727,31.29980701511104,-0.699868551958646,-6.998685687082546,380,session_close,3.1641663907829853,-9.105358252781004,-0.6823357929294218
BEX,2026-08-25T13:35:05.000Z,2026-08-25T19:50:05.000Z,9.869646182495352,23.634733348658813,23.965170974950382,0.42310610624869366,0.13981017741828697,1.3981017742699464,375,session_close,2.6455413823260665,-4.716504866859728,0.14808713718704247
SMCX,2026-08-25T13:35:05.000Z,2026-08-25T19:50:05.000Z,9.79667282809611,11.902382705993928,12.547467540880831,0.8401679097840534,0.5419795773603209,5.419795773849927,375,session_close,7.961576412165439,0,0.5797158577509975
SMTG,2026-08-25T13:35:05.000Z,2026-08-25T19:50:05.000Z,9.540034071550242,6.492223608747915,6.298484364681953,1.540304233818274,-0.29841737789155315,-2.9841739247075374,375,session_close,1.5060539677089313,-6.349498008547738,-0.20023955039637542
BZ,2026-08-25T13:35:05.000Z,2026-08-25T19:50:05.000Z,4.145077720207246,16.113226326639136,16.126770519474196,0.6206081759634807,0.008405636810263906,0.08405636810715918,375,session_close,1.9038624986834174,-2.2542122804955156,-0.07447298111561906
PFXF,2026-08-25T13:35:05.000Z,2026-08-25T19:50:05.000Z,0.3353828954723248,17.974010573692922,17.956167802763428,0.5563588553191022,-0.009926983610054447,-0.09926983661403521,375,session_close,0.08895858963429149,-0.3561284969232692,0
VNRX,2026-08-26T13:35:05.000Z,2026-08-26T13:45:05.000Z,8.450338013520554,0.41998502561208967,0.3562284063989119,23.810372715990592,-1.5180688665772495,-15.180688673425522,10,stop,0,-15.163641970157048,-0.835744082331269
RPGL,2026-08-26T13:35:05.000Z,2026-08-26T16:30:05.000Z,8.060453400503764,2.1820168149375396,1.309733863910887,4.582913029931805,-3.9975969020474125,-39.97599583354364,175,stop,5.407070388036295,-39.963799039857584,-4.170450857237943
EXYN,2026-08-26T13:30:05.000Z,2026-08-26T19:10:05.000Z,8.695652173913038,3.540827133268977,4.0991465611202225,2.8241988510043394,1.5768050866308878,15.768050990272195,340,take_profit,15.792153801498387,-5.389337747556189,1.5815513565624286
ZCMD,2026-08-26T13:30:05.000Z,2026-08-26T19:50:05.000Z,9.731958762886595,0.8001786539429665,0.794790392414289,12.497209090323086,-0.06733823095722727,-0.6733823130779999,380,session_close,7.201060134895898,-2.471779751372405,0.04498995272516204
NUWE,2026-08-26T13:30:05.000Z,2026-08-26T19:50:05.000Z,8.423686405337772,1.0502185819044496,0.9938853140118391,9.521827317942764,-0.5363956491288467,-5.363956500413149,380,session_close,3.787917942130825,-7.028877909452724,-0.23804568294856843
NXXT,2026-08-26T13:30:05.000Z,2026-08-26T19:50:05.000Z,7.6449912126537845,0.247173414406571,0.23714412514691416,40.45742433734751,-0.405759211379939,-4.057592230837518,380,session_close,3.4091795890185184,-7.109751042102297,-0.2791562279276967
QUBT,2026-08-26T13:30:05.000Z,2026-08-26T19:50:05.000Z,-0.23640661938534313,8.461779363659156,8.358294395514624,1.1817845335499575,-0.12229693480811744,-1.2229693507369024,380,session_close,0.6880424771045668,-2.1482404095744423,-0.18908552536799306
SMMT,2026-08-26T13:35:05.000Z,2026-08-26T19:50:05.000Z,9.019461077844326,14.58291961586014,14.337124565981869,0.685733739396578,-0.16854995867819553,-1.6854995868656433,375,session_close,2.17432717516326,-3.1058226184525584,-0.21257745921293925
ACTU,2026-08-26T13:35:05.000Z,2026-08-26T19:50:05.000Z,8.544303797468334,1.7304782385736501,1.7296148197359775,5.778749230027528,-0.004989480943391815,-0.04989481048801152,375,session_close,8.640487819690424,-8.695760236643135,0.057787492300276355
DFSC,2026-08-26T13:35:05.000Z,2026-08-26T19:50:05.000Z,8.176100628930815,1.740447299064658,1.6884482315795772,5.745649327445061,-0.2987684071234246,-2.987684115056275,375,session_close,6.869079057986505,-4.622219765452917,-0.45965194619560457
FTCI,2026-08-26T13:35:05.000Z,2026-08-26T19:50:05.000Z,7.537688442211055,2.1606416692513224,2.2282891706220624,4.628254584741225,0.313089858365416,3.130898673919419,375,session_close,5.524207574411721,-2.806650918304976,0.18513018338964926
METG,2026-08-26T13:30:05.000Z,2026-08-27T13:35:05.000Z,8.379013312451056,13.88293872596331,12.787180274237897,0.7203085868614658,-0.7892842219038397,-7.892842238626104,1445,time,0,-9.673302983407982,-0.5834499553577874
PURR,2026-08-27T13:35:05.000Z,2026-08-27T16:45:05.000Z,5.060553633217979,12.162434304620886,14.067180318405688,0.8222038244285816,1.56608945709896,15.660894571583666,190,take_profit,15.684078101489686,0,1.52929911343716
MTLS,2026-08-27T13:35:05.000Z,2026-08-27T19:50:05.000Z,6.221889055472274,7.101501788982552,7.3780649819776984,1.4081528489020405,0.3894432481175603,3.8944324906629406,375,session_close,4.203311072603633,-2.133376762892536,0.3097936267584487
FNGR,2026-08-27T13:35:05.000Z,2026-08-27T19:50:05.000Z,3.0303030303030276,0.16824053831527117,0.17281458426456983,59.43870604143569,0.2718753726003831,2.718753752872105,375,session_close,6.870794518659462,-2.9960307817284426,0.33880062443618364
EOSE,2026-08-27T13:35:05.000Z,2026-08-27T19:50:05.000Z,3.4431137724550975,3.4606972636488593,3.4192953824552568,2.8895910954057813,-0.11963450723008201,-1.196345072667512,375,session_close,1.4246474798306208,-2.0428618357191453,-0.23116728763246286
OWL,2026-08-27T13:45:05.000Z,2026-08-27T19:50:05.000Z,2.2881355932203418,12.082443692160094,12.057582440185076,0.8276471424280054,-0.020576344154306425,-0.20576344163846483,365,session_close,0.9729514230319536,-0.6823428625915229,-0.04965882854567916
CONL,2026-08-27T15:15:05.000Z,2026-08-27T19:50:05.000Z,12.077702702702698,6.651331963903578,6.388708113699267,1.5034582627476816,-0.3948439975842808,-3.9484399760763194,275,session_close,0,-4.9814377887271055,-0.34579540043196566
PBR,2026-08-27T15:15:05.000Z,2026-08-27T19:50:05.000Z,-0.05630630630631961,17.7635540242143,18.286337972508342,0.5629504088056091,0.29430143740914083,2.94301437415852,275,session_close,3.3576950590667565,-0.35777763913498184,0.29273421257891563
LNAI,2026-08-27T13:35:05.000Z,2026-08-28T13:45:05.000Z,4.166666666666674,2.5205206632238157,2.3695138264899627,3.96743424176116,-0.5991096947979256,-5.991096956162666,1450,time,0,-8.352268890132963,-0.6744638210993994
XPON,2026-08-28T13:55:05.000Z,2026-08-28T14:20:05.000Z,9.786700125470515,8.781783385694135,10.607876690191757,1.138720867330452,2.0794105515238632,20.794105528410075,25,take_profit,20.81828410028992,0,1.6966940923223728
XTNT,2026-08-28T13:45:05.000Z,2026-08-28T14:35:05.000Z,6.666666666666665,0.354380075866245,0.4194159240217247,28.21829053673201,1.8352004585541124,18.35200469340901,50,take_profit,18.375729497369786,-3.803846994866844,3.4934243684474247
WHLR,2026-08-28T13:55:05.000Z,2026-08-28T17:00:05.000Z,13.392857142857139,1.2802577990014157,1.1097716314611532,7.810926834399869,-1.331654980934228,-13.316549813111035,185,stop,2.323141559597053,-13.298712113623868,-1.1716390251599815
KLC,2026-08-28T13:45:05.000Z,2026-08-28T19:50:05.000Z,-0.19762845849802257,2.54053096258616,2.5692922069815043,3.93618504492703,0.11320958006244529,1.1320958027634669,365,session_close,3.915285382414102,-0.020899669950080746,0.19680925224635182
KLAR,2026-08-28T13:45:05.000Z,2026-08-28T19:50:05.000Z,5.710206995003575,14.822971611836696,14.267140078055684,0.6746285603748277,-0.37497982744561636,-3.749798274842269,365,session_close,0.9244326424661109,-4.000355848777215,-0.3777919938099039
LCID,2026-08-28T13:45:05.000Z,2026-08-28T19:50:05.000Z,-0.6876227897838927,5.061024468791484,4.978989645233997,1.975884538135772,-0.1620913394559335,-1.6209133953678627,365,session_close,1.1652884030137756,-2.193715313492539,-0.1185530722881456
UMC,2026-08-28T13:45:05.000Z,2026-08-28T19:50:05.000Z,6.449921342422638,20.314063485692838,19.886020355120092,0.4922698015045911,-0.2107127069224495,-2.1071270692553274,365,session_close,0,-3.3674379632347984,-0.20675331663192864
EPOW,2026-08-28T13:50:05.000Z,2026-08-28T19:50:05.000Z,7.901785714285725,0.4857991168346213,0.4986935270322108,20.584640122143572,0.2654267935046785,2.6542679372509266,360,session_close,9.757301222413538,-5.7841020827106515,0.6216561316887361
PD,2026-08-28T13:55:05.000Z,2026-08-28T19:50:05.000Z,7.759303246239102,13.63274537744435,13.707234564437867,0.7335279666913026,0.054639901875843014,0.5463990189148638,355,session_close,3.6475017231552664,-0.6803132815624946,0.0660175170022157
SLGB,2026-08-28T13:45:05.000Z,2026-08-28T19:55:05.000Z,5.478087649402386,0.5334217860542625,0.5041600621811273,18.746890728277787,-0.5485663399707029,-5.485663435231071,370,session_close,0,-5.4406825542199115,-0.6936349569462781
DWTX,2026-08-28T13:55:05.000Z,2026-08-28T19:55:05.000Z,9.913793103448265,2.5807101967336816,2.6686869345591884,3.8749022674077023,0.34090126087918904,3.409012679411115,360,session_close,3.4598926830036625,-6.227363186191425,0.2712431587185389
MSS,2026-08-28T13:55:05.000Z,2026-08-28T19:55:05.000Z,9.904153354632594,1.730372368414421,1.5996089818384394,5.779102897004144,-0.7556950661833283,-7.556950686620306,360,session_close,0,-9.845994511027534,-0.8668654345506202
PASW,2026-08-31T13:30:05.000Z,2026-08-31T15:05:05.000Z,8.339709257842376,0.1428341770118943,0.179463987328755,70.01125441458018,2.5644991614013537,25.644991855392117,95,take_profit,25.670202857018175,-8.285255853652462,2.681431044078419
AIM,2026-08-31T15:00:05.000Z,2026-08-31T16:05:05.000Z,3.482972136222884,0.2686550035067224,0.23205214768337187,37.222459510106916,-1.3624483188389458,-13.624483201718826,65,stop,2.6223209697642247,-13.606671392519843,-1.3251195585598055
GPRO,2026-08-31T15:00:05.000Z,2026-08-31T19:15:05.000Z,18.63643940656776,0.713243430104771,0.8285338829772912,14.020458619922444,1.616425023771289,16.164250241405632,255,take_profit,16.18754060984049,-1.8427691794988377,1.7525573274903063
GMEU,2026-08-31T13:30:05.000Z,2026-08-31T19:50:05.000Z,8.200000000000006,5.431194624515371,5.238350505645777,1.8412155423154755,-0.3550675889068282,-3.550675904691979,380,session_close,0.5303690527790561,-4.993277598472535,-0.38665526388624905
SHMD,2026-08-31T13:30:05.000Z,2026-08-31T19:50:05.000Z,7.820299500831962,3.2631495851569277,3.069168421796684,3.064521664942363,-0.59445947770819,-5.944599176286759,380,session_close,2.3550993553173694,-5.919115263226249,-0.5822591163390491
GME,2026-08-31T13:30:05.000Z,2026-08-31T19:50:05.000Z,4.644655847789592,18.73376660931192,18.346325764224076,0.533795483115339,-0.20681417308228134,-2.068141731280356,380,session_close,0.03327355794524589,-2.689083406545245,-0.19750432875267698
PURR,2026-08-31T13:30:05.000Z,2026-08-31T19:50:05.000Z,5.4263565891472965,12.26246592167351,12.047585535250642,0.8154966596108387,-0.17523423734373497,-1.7523423738374986,380,session_close,0.9584864828757977,-7.685778110973029,0.29357879745990445
ATTO,2026-08-31T15:00:05.000Z,2026-08-31T19:50:05.000Z,-2.0772946859903163,20.356544451657502,21.43461944408592,0.49124249121868785,0.5295962450011048,5.295962657064022,290,session_close,5.322394235011152,-1.2602554046770575,0.33895731894089565
ZDGE,2026-08-31T15:00:05.000Z,2026-08-31T19:50:05.000Z,5.226480836236935,3.0406991201305376,3.0283935167119322,3.288717342955256,-0.040469651378296785,-0.40469651657205186,290,session_close,0,-2.9828377141978946,0.03288717342955216
SLI,2026-08-31T15:00:05.000Z,2026-08-31T19:50:05.000Z,4.509803921568634,2.680565464489213,2.6894279731586828,3.7305561491716843,0.03306208621397794,0.3306208629065723,290,session_close,0.3519606454597257,-1.5133174334521438,0.11191668447515113
TCAN,2026-08-31T13:30:05.000Z,2026-09-01T13:30:05.000Z,7.837866896032675,20.156529190088772,19.695258892816195,0.49611713920997325,-0.22884410028540486,-2.288441094806092,1440,time,0.6125598745043037,-2.264919648533803,-0.1587574845471913
AMBR,2026-09-01T13:35:05.000Z,2026-09-01T14:00:05.000Z,8.62068965517242,1.2702582705183671,1.0397904619221618,7.872414787807104,-1.8143381845062638,-18.14338185746714,25,stop,0,-18.126886150830046,-1.7319312533175637
ATER,2026-09-01T13:35:05.000Z,2026-09-01T14:05:05.000Z,9.999999999999986,0.44804873,0.38363762021338504,18.400000000000002,-1.1851644200737155,-14.375916161310167,30,stop,0,-14.339674615303565,-0.5520000000000005
FTCI,2026-09-01T13:30:05.000Z,2026-09-01T17:30:05.000Z,8.936170212765958,2.5808819071170888,2.2686485058481156,3.8746443561520723,-1.209793386028992,-12.09793444666927,240,stop,0,-12.045568852251431,-0.9299146454764973
BLSM,2026-09-01T13:30:05.000Z,2026-09-01T19:50:05.000Z,9.781420765027327,20.186535190549584,19.034226993885692,0.4953796926822908,-0.5708300803386436,-5.708301032280915,380,session_close,0,-11.42610739672354,-0.3170430033166678
SST,2026-09-01T13:30:05.000Z,2026-09-01T19:50:05.000Z,8.92857142857142,2.4607257944388694,2.599148985337636,4.063841547179246,0.5625299142675315,5.6252993003770175,380,session_close,9.317340683764108,-7.344410126772427,0.4876609856615115
CAPR,2026-09-01T13:30:05.000Z,2026-09-01T19:50:05.000Z,8.779011099899092,10.822224770388075,9.918007776132903,0.9240244220223579,-0.8355185854994294,-8.355185864641285,380,session_close,0,-8.3367772295467,-0.44353172257073226
RGTZ,2026-09-01T13:30:05.000Z,2026-09-01T19:50:05.000Z,8.479532163742686,3.721060365510287,3.7191173817231693,2.6874059475953933,-0.005221586185581416,-0.05221586312135002,380,session_close,1.5839472811570499,-2.715902339209375,0.18811841633167603
BMNZ,2026-09-01T13:30:05.000Z,2026-09-01T19:50:05.000Z,8.347826086956523,6.243721771488924,6.668113063744578,1.6016084639825086,0.679708685717129,6.797088464024398,380,session_close,8.2687577602927,-0.700251758311421,0.8808846551903802
MSTZ,2026-09-01T13:35:05.000Z,2026-09-01T19:50:05.000Z,9.7938144329897,5.331068940655923,5.328926204414057,1.8757964134793885,-0.004019336957524141,-0.040193369579687825,375,session_close,2.7936434700421175,-4.89712182607418,0.018757964134795913
CRCD,2026-09-01T13:35:05.000Z,2026-09-01T19:50:05.000Z,9.302325581395344,2.3604891821124783,2.3892688745022745,4.236410003778333,0.12192257674579611,1.2192257692975483,375,session_close,3.7920452491722934,-3.4098517681172336,0.1270923001133486
GDXD,2026-09-01T13:35:05.000Z,2026-09-01T19:50:05.000Z,8.343023255813954,18.66374527049813,19.136099226962838,0.535798139850308,0.2530863712247241,2.5308637126084257,375,session_close,2.551763981984312,-6.181745698822083,0.14466549775958448
SMZ,2026-09-01T13:35:05.000Z,2026-09-02T13:35:05.000Z,8.456193865446537,19.254658865719577,17.78528708471799,0.5193548204652993,-0.7631253175188567,-7.631253252778285,1440,time,1.429997468148514,-7.866453912700743,-0.8205806163351728
SST,2026-09-02T13:35:05.000Z,2026-09-02T15:55:05.000Z,8.450704225352123,3.110644562574169,2.6894253757183257,3.21476780255846,-1.3541218797240213,-13.54121881759675,140,stop,1.5866627135627365,-13.522745981176032,-1.6395315793048137
GELS,2026-09-02T13:40:05.000Z,2026-09-02T17:00:05.000Z,14.774436090225574,0.6144244518009611,0.7878419904273143,16.275393932386752,2.822438918304665,28.224389197860454,200,take_profit,28.250104254520725,-7.930096476164506,2.491762811048412
BRNX,2026-09-02T13:40:05.000Z,2026-09-02T19:40:05.000Z,9.659090909090896,3.8810584088329847,3.339228563705712,2.576616672073583,-1.3960878123819778,-13.960878400956558,360,stop,0.7457138779758399,-13.941001444388945,-1.2625421693160561
EOSE,2026-09-02T13:35:05.000Z,2026-09-02T19:50:05.000Z,9.868421052631572,3.3506708495457302,3.6492672282421514,2.9844769744685675,0.8911540168791657,8.911540169244127,375,session_close,9.530304968557646,-2.1091552324607354,1.1341012502980554
MAIA,2026-09-02T13:35:05.000Z,2026-09-02T19:50:05.000Z,8.846153846153836,1.4303450455207696,1.3482459933996784,6.991319983737764,-0.5739807437401128,-5.739807494575546,375,session_close,0,-5.617179279389672,-0.4893923988616411
UPC,2026-09-02T13:35:05.000Z,2026-09-02T19:50:05.000Z,7.962529274004693,4.65119035001613,4.74875208753377,2.1499872299716816,0.20975648979677622,2.0975649280254074,375,session_close,4.489380873933624,-9.48553632113981,0.23649859529688477
LGPS,2026-09-02T13:35:05.000Z,2026-09-02T19:50:05.000Z,7.76699029126211,1.1303899853919281,1.0497626895531755,8.846503975170757,-0.7132696931447936,-7.132697288608547,375,session_close,0,-9.76565493488991,-0.796185357765367
CBRG,2026-09-02T13:40:05.000Z,2026-09-02T19:50:05.000Z,9.328358208955233,2.9505906255426595,3.009348110781507,3.389151959274724,0.19913804621929643,1.9913804622774909,370,session_close,2.6913043703829853,-5.442660332221594,0.40669823511296777
MOVE,2026-09-02T13:40:05.000Z,2026-09-02T19:50:05.000Z,9.289617486338786,14.062921099987118,14.516563782261082,0.7110898164600432,0.32258069167663467,3.225806921965732,370,session_close,6.663472640927637,-10.971554835705732,0.32710131557162114
AXTL,2026-09-02T13:40:05.000Z,2026-09-02T19:50:05.000Z,9.183673469387754,2.1605642405859444,1.9894974296456513,4.628420508058144,-0.7917691360041578,-7.917691486641462,370,session_close,1.3624107472070657,-10.67148276615999,-0.6942630762087205
AXTX,2026-09-02T13:40:05.000Z,2026-09-02T19:50:05.000Z,9.072978303747515,5.541109432673477,5.178900681736482,1.8046927462786853,-0.653675505454658,-6.536755054885036,370,session_close,2.867486543211273,-9.765362681393619,-0.7218770985114737
TGHL,2026-09-02T13:35:05.000Z,2026-09-02T19:55:05.000Z,7.732696897374702,0.9186549440223343,0.8852456389241273,10.885479193531724,-0.363676295516885,-3.6367632173103175,380,session_close,7.5594276642762415,-4.4146003117083605,-0.2960850340640633
GPUS,2026-09-03T13:30:05.000Z,2026-09-03T13:55:05.000Z,8.366935483870975,0.21593569438229465,0.18986120074749008,46.3100708425393,-1.2075116474111398,-12.07511972922922,25,stop,0,-12.057151763061825,-1.0419765939571342
MSTX,2026-09-03T13:30:05.000Z,2026-09-03T15:00:05.000Z,8.255451713395633,13.92282488815243,16.046784398090725,0.7182450454109808,1.5255233946667153,15.255233955759003,90,take_profit,15.278329857166284,0,1.5729566494500489
MSTP,2026-09-03T13:30:05.000Z,2026-09-03T15:10:05.000Z,8.294650639531342,21.42553367713757,24.664493718748503,0.4667328244887618,1.5117289686273085,15.117289914076279,100,take_profit,15.142989536472973,0,1.4422044276702728
GPRK,2026-09-03T13:30:05.000Z,2026-09-03T19:50:05.000Z,9.92301112061591,12.922641499171293,11.90751859984952,0.7738355963480253,-0.7855382341632003,-7.855382348778077,380,session_close,0,-8.68739954786555,-0.8047890202019463
RCAX,2026-09-03T13:30:05.000Z,2026-09-03T19:50:05.000Z,8.787275267280537,3.2408082164423657,3.0981344902339254,3.085650001113207,-0.4402411834338993,-4.402411888632585,380,session_close,0,-7.430498824972609,0.030856500011132937
DRTS,2026-09-03T13:30:05.000Z,2026-09-03T19:50:05.000Z,4.605722260990919,15.053072659556117,14.597002507059084,0.6643161976072189,-0.302974789548973,-3.0297478980645596,380,session_close,0,-5.002783661434362,-0.29894228892325003
COSM,2026-09-03T13:35:05.000Z,2026-09-03T19:50:05.000Z,4.27998216674097,0.2369965284954198,0.2651949607929215,42.19465524472632,1.1898231292348396,11.898246981304053,375,session_close,13.672551117222964,-5.610431756040157,1.291156450488625
SUPX,2026-09-03T13:35:05.000Z,2026-09-03T19:50:05.000Z,-2.392344497607646,8.222811824763156,8.738192792295974,1.2161289504397537,0.6267697151223116,6.267697455762505,375,session_close,12.370320480563146,-1.0070986242658009,0.012161289504396322
WCT,2026-09-03T13:35:05.000Z,2026-09-03T19:50:05.000Z,5.000000000000004,1.2906129449374633,1.3494761129912207,7.748255379045798,0.45608685850020303,4.560869181163349,375,session_close,4.601461289807096,-8.570574576316769,0.23244766137137418
SPWH,2026-09-03T13:35:05.000Z,2026-09-03T19:50:05.000Z,2.34375,1.3203446241107526,1.219620197358565,7.573780101011749,-0.7628646590215341,-7.62864671184049,375,session_close,0,-8.357259316677968,-0.6059024080809419
HLN,2026-09-03T13:35:05.000Z,2026-09-03T19:50:05.000Z,-0.4540867810292837,9.87197643276864,9.78803169002322,1.0129683825331,-0.0850333702809867,-0.8503337028518283,375,session_close,0,-1.9446605659572125,-0.08103747060264865
PBK,2026-09-03T13:35:05.000Z,2026-09-03T19:50:05.000Z,1.3346515076618992,0.4127259837337747,0.39115726190931494,24.22912970693593,-0.522591358697656,-5.225918084763111,375,session_close,0,-7.371957408283936,-0.1187227355639866
CRCD,2026-09-04T13:30:05.000Z,2026-09-04T19:50:05.000Z,9.969788519637458,1.8303980237842459,1.699630819412452,5.4632925910137455,-0.7144194987920013,-7.144195015106051,380,session_close,0,-9.855671905244034,-0.27316462955068666
MODD,2026-09-04T13:30:05.000Z,2026-09-04T19:50:05.000Z,9.941520467836252,3.791315842009798,3.598986932605817,2.637606547647246,-0.5072879907457939,-5.072880166639617,380,session_close,0,-9.266330125204325,-0.39564098214708565
GME.WS,2026-09-04T13:30:05.000Z,2026-09-04T19:50:05.000Z,9.642857142857153,3.0918672447931153,2.9691555869797255,3.2342907265122576,-0.39688517690079195,-3.9688527384234673,380,session_close,0,-8.146120931203448,-0.12937162906048982
SOAR,2026-09-04T13:30:05.000Z,2026-09-04T19:50:05.000Z,9.218255761409843,0.2437766860301079,0.23475123512235158,41.02114850305353,-0.3702343619940918,-3.7023437535128503,380,session_close,0.21466940847143512,-7.210158738451744,-0.19279939796435208
BMNZ,2026-09-04T13:30:05.000Z,2026-09-04T19:50:05.000Z,8.92116182572613,5.271257866509662,5.378395723991912,1.8970803859205687,0.2032491280191304,2.032491298954251,380,session_close,4.149714148497496,-0.7826949004295258,0.4173576849025249
ETHA,2026-09-04T13:45:05.000Z,2026-09-04T19:50:05.000Z,-2.8128286014721393,18.493698874192514,18.526286932176777,0.54072471212669,0.01762116827230862,0.17621168272475246,365,session_close,0.4125790428758602,-0.7770153238141009,0.010814494242534778
ANPA,2026-09-04T13:45:05.000Z,2026-09-04T19:50:05.000Z,-2.646950481502919,3.730766150649765,3.9488883828190957,2.6804145811079825,0.5846580115704944,5.846580122191298,365,session_close,8.556790655309122,-9.40198705803832,0.4556704787883561
WETH,2026-09-04T13:30:05.000Z,2026-09-04T19:55:05.000Z,9.166666666666679,1.321914,1.2296708469442943,5,-0.4612157652785287,-6.977999556378535,385,session_close,0,-11.491973002782341,-0.34999999999999964
TWG,2026-09-08T13:30:05.000Z,2026-09-08T14:20:05.000Z,19.177772758075463,0.5292187436765655,0.464201622195113,18.895778096825644,-1.2285491000078823,-12.28549106741163,50,stop,0.22320757485423393,-12.266901815601772,-0.9428993270316006
GMEX,2026-09-08T13:30:05.000Z,2026-09-08T14:40:05.000Z,10.616271357693474,0.8232815230146125,0.7229468277665484,12.146513282726472,-1.2187167085489239,-12.1871671406724,70,stop,2.5773051370923117,-12.168562054906518,-1.320325993832368
TRUG,2026-09-08T13:30:05.000Z,2026-09-08T19:50:05.000Z,7.560590094836672,0.4104288530170818,0.4296026238829109,24.3647579072593,0.46716428531518644,4.671643020436249,380,session_close,8.666824157569097,-7.4626461546081995,0.5603894318669624
SLDP,2026-09-08T13:30:05.000Z,2026-09-08T19:50:05.000Z,2.9821073558647937,2.6006009660597207,2.5794373797755927,3.8452650208719787,-0.0813795980545632,-0.8137959864020888,380,session_close,1.8995237864241066,-1.561214757265772,-0.11535795062616039
QUBT,2026-09-08T13:40:05.000Z,2026-09-08T19:50:05.000Z,5.555555555555558,8.471696803983884,8.238334180666783,1.1804010732105472,-0.2754614910107343,-2.7546149102899906,370,session_close,1.16037198085146,-2.852991668330518,-0.16525615024947804
XE,2026-09-08T13:50:05.000Z,2026-09-08T19:50:05.000Z,4.573687182382846,18.53371472395003,18.886216355458163,0.5395572419237659,0.19019480807015593,1.9019480808810334,360,session_close,5.483440806049988,0,0.06474686903085036
WDH,2026-09-08T13:50:05.000Z,2026-09-08T19:50:05.000Z,0.4901960784313708,1.0302074143424347,1.0693546769934295,9.706783175908557,0.3799939904835495,3.799939905886026,360,session_close,5.803936646653818,-0.020133260501431494,0.19413566351817124
VVOS,2026-09-08T13:50:05.000Z,2026-09-08T19:55:05.000Z,-0.5901287553648049,0.18633440825121703,0.17845428288740126,53.66693316411846,-0.4667738291087753,-4.667740049054984,365,session_close,1.2695410208906077,-6.673168078787084,-0.489882958121715
IDAI,2026-09-08T13:35:05.000Z,2026-09-09T13:45:05.000Z,3.7151702786377694,3.361171825656051,3.406781682310813,2.97515271458884,0.1356962888384218,1.3569629587698693,1450,time,4.427865698740341,-4.7951081948805925,0.11900610858355343
SGLY,2026-09-09T13:45:05.000Z,2026-09-09T19:50:05.000Z,9.493670886075932,1.750386605855541,1.8892002181809897,5.71302358024545,0.7930454404743384,7.9304544413832705,365,session_close,9.690053247497076,-2.307296326447905,0.7426930654319079
GOW,2026-09-09T13:45:05.000Z,2026-09-09T19:50:05.000Z,8.951707891637216,9.304334094211763,8.918035929961524,1.0747678081204473,-0.41518083127218114,-4.151808827356649,365,session_close,0,-6.4951891031913895,-0.2579442739489082
AVO,2026-09-09T13:45:05.000Z,2026-09-09T19:50:05.000Z,8.896658896658916,14.032819337768002,13.307259195513712,0.7126151742847548,-0.5170451672266123,-5.170451673253669,365,session_close,0,-5.364704836909439,-0.4845783185136323
MIMI,2026-09-09T13:45:05.000Z,2026-09-09T19:50:05.000Z,8.756065284516978,0.9913004303771892,0.924548403145215,10.087759158629355,-0.6733783740664234,-6.733783743700691,365,session_close,4.912695297053449,-7.586038306124355,-0.5649145128832433
SSL,2026-09-09T13:45:05.000Z,2026-09-09T19:50:05.000Z,8.646616541353369,14.462901943898716,14.496820578302918,0.6914241718162762,0.02345216370206439,0.23452163705300366,365,session_close,1.8467805225905076,-1.0572009994385567,0.034571208590815417
SRPT,2026-09-09T14:15:05.000Z,2026-09-09T19:50:05.000Z,9.455587392550147,22.944594903740775,22.005587228976903,0.43583249307081756,-0.4092500559049696,-4.092500559296344,335,session_close,0.24147341232942932,-4.0732682693317095,-0.33123269473382244
SAIL,2026-09-09T14:15:05.000Z,2026-09-09T19:50:05.000Z,-0.7026419336706002,17.683544379144873,17.87641485564595,0.56549749216812,0.10906777077462981,1.090677707849904,335,session_close,3.1467425812631955,-1.546886604178055,0.05654974921681166
WVVIP,2026-09-09T14:15:05.000Z,2026-09-09T19:50:05.000Z,3.076923076923066,2.690775348486229,2.6388708175123567,3.716400832703335,-0.19289804213237532,-1.9289804703715872,335,session_close,3.687585868868326,-2.6302957073709554,-0.3344760749433
KURA,2026-09-09T14:15:05.000Z,2026-09-09T19:50:05.000Z,-0.7188498402555865,12.442499935334265,12.067278629185243,0.803697010250671,-0.301564241934321,-3.015642419924531,335,session_close,0,-3.717098153409304,-0.2732569834852274
NETG,2026-09-09T14:15:05.000Z,2026-09-09T19:50:05.000Z,15.815923785650131,19.29408460659451,19.924886315411126,0.5182935691964549,0.32694046911778674,3.2694046993087964,335,session_close,5.3690828796895795,-2.612638105786158,0.5493911833482432
EZRA,2026-09-09T14:15:05.000Z,2026-09-09T19:55:05.000Z,0.18450184501843658,2.753047230344527,2.7890321665859394,3.632335046584697,0.1309796784728589,1.3097981024269538,340,session_close,4.611354583974414,-2.2900889476072384,-0.2116167523292365
DXLG,2026-09-09T13:45:05.000Z,2026-09-10T13:30:05.000Z,7.619047619047614,0.6904997749999999,0.603599658599747,12.5,-1.0862514550031621,-12.585104231243664,1425,stop,0,-12.55609026085489,-1.2350000000000003
AHMA,2026-09-10T13:30:05.000Z,2026-09-10T13:40:05.000Z,9.375,1.4303348071624649,1.7496495307527733,6.991370041496298,2.392414490365545,23.924145094797307,10,take_profit,33.535168859457976,0,2.1874973120339245
RXT,2026-09-10T13:30:05.000Z,2026-09-10T19:45:05.000Z,8.641975308641946,3.530713890565751,3.089377259575801,2.8322883998618176,-1.2499926203869303,-12.499926209518815,375,stop,0,-12.482288404715014,-0.7080720999654542
SKHN,2026-09-10T13:30:05.000Z,2026-09-10T19:50:05.000Z,9.619450317124745,10.414580900099878,10.306700552352078,0.9601921613368641,-0.10358586426973267,-1.0358587520959723,380,session_close,0.5321299093234755,-4.268831404397789,0.17283458904063664
DBI,2026-09-10T13:30:05.000Z,2026-09-10T19:50:05.000Z,9.578544061302674,5.771708159655023,5.848812229386143,1.7325892853757394,0.13358968507500207,1.3358968887250244,380,session_close,3.089065410327918,-6.61343486358531,0.17325892853757274
SKDD,2026-09-10T13:30:05.000Z,2026-09-10T19:50:05.000Z,9.396914446002791,7.0314107476559204,6.998553970186995,1.4221897080864965,-0.04672857075719407,-0.4672857076352567,380,session_close,1.54434517113482,-3.57553777867029,0.17066276497038047
GDXD,2026-09-10T13:30:05.000Z,2026-09-10T19:50:05.000Z,8.91210817455439,17.754388718789997,17.976362739107685,0.5632410127761396,0.12502487201372614,1.2502487347410987,380,session_close,1.2707352800675809,-2.671951855418919,0.016897230383284167
MUZ,2026-09-10T13:35:05.000Z,2026-09-10T19:50:05.000Z,8.031088082901562,8.351671958195524,8.38817043251876,1.1973650365562407,0.04370199704228708,0.43701997044338825,375,session_close,2.01550111938118,-1.5765939904561654,0.09578920292450022
SNDQ,2026-09-10T13:35:05.000Z,2026-09-10T19:50:05.000Z,8.026315789473681,12.332466649978798,12.077564025932045,0.8108677917983061,-0.20669232788438469,-2.06692327886564,375,session_close,1.277387196676294,-3.2634724374421054,-0.17028223627764305
MDCX,2026-09-10T13:35:05.000Z,2026-09-10T19:50:05.000Z,-2.1126760563380254,0.16773742612991713,0.16342840384130122,59.61698697194109,-0.25689092564221816,-2.5689092697049323,375,session_close,0.9911764526511657,-6.46094695737327,-0.13711907003546386
DLXY,2026-09-10T13:35:05.000Z,2026-09-11T13:30:05.000Z,9.317776100999309,0.4821978374093107,0.4114116251785198,20.738361359414107,-1.4679900485063202,-14.679910762582798,1435,stop,0,-14.578629756408223,-1.3127382740509113
SMZ,2026-09-10T13:35:05.000Z,2026-09-11T13:35:05.000Z,9.01156668323464,12.993017365672282,14.816586939904,0.7696441591346801,1.403499671583158,14.034996821058773,1440,time,14.061265238932341,-6.9500204629762585,1.754788682827071
SKHQ,2026-09-10T13:35:05.000Z,2026-09-11T13:35:05.000Z,8.110992529348993,10.17289286220474,10.066389410385446,0.983004529319369,-0.10469337552651406,-1.0469337804095649,1440,time,1.5443703175028745,-2.977450625967726,-0.04915022646597045
VIOT,2026-09-11T13:35:05.000Z,2026-09-11T17:20:05.000Z,8.823529411764696,1.5003147941725241,1.3196968762292032,6.665267861216538,-1.203866803627463,-12.038668061187654,225,stop,3.978178850152214,-12.018464049871213,-1.1997482150189764
KORU,2026-09-11T13:35:05.000Z,2026-09-11T19:50:05.000Z,9.68351440717996,23.234652254064525,23.125355676191752,0.4303916361697042,-0.04704033297841199,-0.47040332980947763,375,session_close,1.4433086506677295,-1.440315311824747,0.08177441087224402
CLIK,2026-09-11T13:35:05.000Z,2026-09-11T19:50:05.000Z,8.799999999999986,1.3817710851221727,1.249316745767042,7.23707870733051,-0.9585824790405463,-9.585838116117436,375,session_close,0.5955338743464544,-11.70751703114915,-0.8684494448796602
BFRI,2026-09-11T13:35:05.000Z,2026-09-11T19:50:05.000Z,8.56164383561644,1.6003260921579967,1.5494408866767313,6.2487264572163825,-0.3179677297716752,-3.179677300183744,375,session_close,0.6044960392389997,-5.019357776619082,-0.24994905828865477
STLA,2026-09-11T18:35:05.000Z,2026-09-11T19:50:05.000Z,2.651515151515138,5.431088925203639,5.398906977738013,1.841251383771983,-0.05925505530356026,-0.5925505530996045,75,session_close,0,-0.7565504039707571,-0.03682502767543738
RNW,2026-09-11T18:35:05.000Z,2026-09-11T19:50:05.000Z,-0.21897810218978186,6.8519512297708705,6.818591469895709,1.459438256784496,-0.04868650979895554,-0.4868651097546906,75,session_close,0,-0.4663084820575758,-0.014594382567844733
AAL,2026-09-11T18:35:05.000Z,2026-09-11T19:50:05.000Z,2.684824902723748,13.202646719263496,13.017393456237357,0.7574238871656629,-0.14031524659138117,-1.4031524660569974,75,session_close,0,-1.3834098809673012,-0.10603934420319305
PURR,2026-09-11T18:35:05.000Z,2026-09-11T19:50:05.000Z,5.676657584014522,11.652335233456819,11.587672496728498,0.8581970736979116,-0.05549337143754376,-0.5549337144253975,75,session_close,0.06577880218527898,-1.3073365158550065,-0.017163941473960165
FLNC,2026-09-11T18:35:05.000Z,2026-09-11T19:50:05.000Z,3.2507739938080427,10.022013733246386,9.937968253676733,0.9978034618806031,-0.0838608704700153,-0.8386087048638333,75,session_close,0,-1.0178965621247538,-0.03991213847522346
HTZ,2026-09-11T18:35:05.000Z,2026-09-11T19:50:05.000Z,-0.24390243902439046,2.0504957131547545,2.0395786106620424,4.876869449061397,-0.05324128361897996,-0.532412841571653,75,session_close,0,-0.9995491833153514,-0.048768694490613385
GNLN,2026-09-11T13:35:05.000Z,2026-09-14T13:35:05.000Z,9.689922480620151,2.8608021380267585,2.9068750069914504,3.49552303580709,0.161048774791802,1.610487784257274,4320,time,8.011664243628225,-8.067742083902196,0
SSM,2026-09-11T13:35:05.000Z,2026-09-14T13:40:05.000Z,9.64467005076144,2.221758747276199,1.8994537055104919,4.500936621221736,-1.4805297550312038,-14.805304495280252,4325,stop,0,-15.832445701291519,-1.3052716201543042
BMM,2026-09-14T13:35:05.000Z,2026-09-14T19:30:05.000Z,16.956920256645304,6.4012869119445845,5.618780112225651,1.5621858753384614,-1.2224210698772202,-12.224210701426339,355,stop,0,-12.205153786916334,-1.077908253983539
ONDS,2026-09-14T13:35:05.000Z,2026-09-14T19:50:05.000Z,-0.7607192254495243,7.181437663970176,7.238550749175325,1.3924788416262137,0.07952876272816622,0.7952876273185593,375,session_close,3.878921590134987,-0.9947543557828786,0.06962394208131073
SOAR,2026-09-14T13:35:05.000Z,2026-09-14T19:50:05.000Z,16.142557651991616,0.2230453703471476,0.22835221337135017,44.8339276327912,0.23792661610568047,2.379266162728684,375,session_close,10.739801330809694,-0.42384665759985785,0.30487070790298
HAIN,2026-09-14T13:35:05.000Z,2026-09-14T19:50:05.000Z,7.152082660639336,0.6672400297456947,0.603461529784498,14.987110385174857,-0.9558554191193265,-9.558554211069243,375,session_close,11.324256172565583,-10.691809029036314,-0.9681673308822951
DRCT,2026-09-14T13:35:05.000Z,2026-09-14T19:50:05.000Z,-1.7543859649122862,1.690377145531777,1.8794785031615944,5.91583953601851,1.1186932877812485,11.186932935627672,375,session_close,11.217783851932595,-0.6138952812517195,1.0648511164833323
ALLO,2026-09-14T13:40:05.000Z,2026-09-14T19:50:05.000Z,-0.2808988764045006,1.7803865631839417,1.7896094121732526,5.616757714029906,0.05180250820604501,0.5180250839917202,370,session_close,2.7866665499503895,-0.5833880910315892,0
LYNX,2026-09-14T13:40:05.000Z,2026-09-14T19:50:05.000Z,-0.3532182103610615,12.763163095451146,13.517141583305415,0.7835048260778593,0.5907457839927064,5.9074579100457525,370,session_close,6.870059545516294,-3.002101380242539,0.48577299216827363
CRBP,2026-09-14T13:40:05.000Z,2026-09-14T19:50:05.000Z,2.5246305418719306,8.35168467873917,8.168295009742772,1.197363212467884,-0.21958404320294883,-2.1958404328081462,370,session_close,2.9732363087529468,-3.731997683444932,-0.28736717099229203
JEM,2026-09-14T13:35:05.000Z,2026-09-15T13:40:05.000Z,-2.244389027431415,3.981974660322405,3.8782798228791266,2.5113164658283176,-0.26041055269269536,-2.6041059094756385,1445,time,0.9549367567928124,-2.560906811851693,-0.40181063453253074
CIRC,2026-09-15T13:40:05.000Z,2026-09-15T14:30:05.000Z,9.527606139126977,0.5625422908003795,0.4888625163681363,17.776436856100453,-1.3060998117508915,-13.061001368001572,50,stop,0,-13.695377584992684,-0.607631784164246
BRNX,2026-09-15T13:40:05.000Z,2026-09-15T14:50:05.000Z,9.05797101449275,3.0306093828190086,2.6494208094284426,3.299666415093493,-1.2577951334342519,-12.577951337166141,70,stop,0,-12.558839980392788,-1.2208765735845937
VRA,2026-09-15T13:40:05.000Z,2026-09-15T16:10:05.000Z,9.046052631578938,3.330668111098596,3.8391291707244264,3.0024006190847645,1.526603800201089,15.266038003952263,150,take_profit,15.292183787516578,-2.4219798673362325,1.5012003095423836
JONER,2026-09-15T13:45:05.000Z,2026-09-15T16:50:05.000Z,9.999999999999986,0.16644098999999998,0.1328404,20,-0.6720117999999997,-20.187689342631277,185,stop,0,-20.091799502033712,-0.30000000000000027
TNON,2026-09-15T13:45:05.000Z,2026-09-15T19:40:05.000Z,9.442446043165464,6.1012298615010625,5.3189116573046755,1.6390138093045026,-1.2822303399481778,-12.822303403660259,355,stop,11.452939069026025,-12.804465316585523,-1.1800899426992402
XHLD,2026-09-15T13:40:05.000Z,2026-09-15T19:50:05.000Z,9.641255605381183,9.841987600808665,9.398097757530703,1.0160549272746058,-0.4510164624297255,-4.510164626111595,370,session_close,0,-5.405286232680817,-0.4877063650918103
SMST,2026-09-15T13:40:05.000Z,2026-09-15T19:50:05.000Z,9.125766871165641,21.40430127956423,21.705615589809497,0.46719581580311953,0.14077278498819193,1.4077278501632162,370,session_close,5.679693555782928,-3.804381506915555,0.22892594974352676
MSTZ,2026-09-15T13:40:05.000Z,2026-09-15T19:50:05.000Z,8.805031446540879,4.330866489471288,4.389109421151003,2.3090067597522808,0.13448332295625337,1.3448332295929493,370,session_close,5.983410275026668,-3.7144181161522405,0.23090067597522967
CEPL,2026-09-15T13:45:05.000Z,2026-09-15T19:50:05.000Z,9.042553191489366,6.18131903875465,5.818465312358456,1.6177776795907954,-0.5870166595201084,-5.870166612032669,365,session_close,0,-7.30133869365166,-0.7118221790199488
RKTO,2026-09-15T13:45:05.000Z,2026-09-15T19:50:05.000Z,8.777943368107287,0.7383650492160857,0.7412280916500149,13.543436214781611,0.038775432584133324,0.387754327885491,365,session_close,2.550899558952735,-2.419541558075211,0.0975127407464278
MTEN,2026-09-15T13:45:05.000Z,2026-09-15T19:50:05.000Z,6.930693069306937,1.0902252684757257,1.0797602577663519,9.172416266046298,-0.09598943445500875,-0.959894345872684,365,session_close,7.317270460609437,-2.7723874459435693,-0.3668966506418503
BDRX,2026-09-15T13:45:05.000Z,2026-09-15T19:50:05.000Z,13.392857142857139,1.2802589520773073,1.27973203840766,7.810919797990431,-0.004115680414079884,-0.041156804159997985,365,session_close,6.228509302224161,-10.174422281207518,0.15621839595980802
DTSS,2026-09-16T13:35:05.000Z,2026-09-16T13:55:05.000Z,-1.5000000000000124,0.6365481676655723,0.5515802605356278,15.709730121873946,-1.3348228900318773,-13.348229002299897,20,stop,0,-13.32941825545394,-1.0556938641899283
CIFG,2026-09-16T13:30:05.000Z,2026-09-16T14:00:05.000Z,9.43952802359882,3.720776861925056,4.279090137038245,2.6876107739451527,1.5005287734308101,15.005287761984428,30,take_profit,15.0297413370178,0,0.6719026934862882
CIFU,2026-09-16T13:30:05.000Z,2026-09-16T14:00:05.000Z,8.64345738295318,9.104318813749956,10.487818410310929,1.0983796703103583,1.519607830745156,15.196080287429295,30,take_profit,15.220042428185799,0,0.6370602087800084
RYDE,2026-09-16T13:35:05.000Z,2026-09-16T17:30:05.000Z,9.67548076923077,0.73626604,0.6237945722829582,10.8,-1.214691851344051,-15.275927668352294,235,stop,0,-15.234444332105824,-0.8629199999999999
FPSX,2026-09-16T13:30:05.000Z,2026-09-16T18:10:05.000Z,9.677419354838722,3.431518964368164,4.009046236547666,2.9141610548019643,1.6830074846715173,16.830076656325286,280,take_profit,16.857870862396652,0,1.5153637484970215
CIEG,2026-09-16T13:30:05.000Z,2026-09-16T19:20:05.000Z,8.559052381079724,4.081032770798031,3.5691439904942444,2.450360099309656,-1.2543118425406856,-12.543118594063355,350,stop,0,-12.522143278405984,-1.0536548427031533
INTW,2026-09-16T13:30:05.000Z,2026-09-16T19:50:05.000Z,8.798486281929986,23.024650675910962,22.715400199926535,0.43431712110041865,-0.13431277642849068,-1.3431277648349906,380,session_close,2.194818636782836,-3.9290527732411262,-0.2128153893392053
CRML,2026-09-16T13:30:05.000Z,2026-09-16T19:50:05.000Z,8.50393700787404,6.911389066716267,6.458690503012056,1.4468871454657934,-0.6550037325944507,-6.550037327290806,380,session_close,0,-6.820467812850717,-0.6800369583689232
INT,2026-09-16T13:35:05.000Z,2026-09-16T19:50:05.000Z,9.529481834425258,18.51430138109412,17.955195423874713,0.540122995673928,-0.30198598451248587,-3.019859867844322,375,session_close,0.19281645129927139,-4.452241346442898,-0.3348762573178359
CRDU,2026-09-16T13:35:05.000Z,2026-09-16T19:50:05.000Z,9.156193895870723,6.101224533908183,6.348699442904348,1.6390152407819476,0.4056151475558399,4.0561514761634765,375,session_close,7.0276952390270875,-0.3478733455919425,0.426143962603307
BOSC,2026-09-16T13:35:05.000Z,2026-09-16T19:50:05.000Z,-0.10438413361169019,4.8234622046097995,4.686631174352707,2.073198846306306,-0.283677934067908,-2.8367803965857323,375,session_close,0,-2.7669379161351926,-0.22805187309369224
CETX,2026-09-16T13:35:05.000Z,2026-09-17T13:30:05.000Z,9.543568464730278,2.670734909326386,2.499198031726366,3.744287670785238,-0.7122567333234042,-7.122567480723527,1435,session_close,0,-9.38823649066791,-0.5293145204942284
RXRX,2026-09-17T13:30:05.000Z,2026-09-17T19:50:05.000Z,3.1347962382445083,3.3006812577308966,3.519293486076654,3.029677574374109,0.6623245657030926,6.623245665837044,380,session_close,8.159489548962107,-0.6265754284045744,0.6968258421060458
MVIS,2026-09-17T13:30:05.000Z,2026-09-17T19:50:05.000Z,1.2269938650306678,1.6705804626447438,1.7095141556690236,5.985943036410669,0.2330548686404386,2.3305488059307726,380,session_close,10.14135751875389,-1.8305291680671965,0.419016012548747
VNRX,2026-09-17T13:30:05.000Z,2026-09-17T19:50:05.000Z,4.256093124772642,0.2878714802406281,0.27701906626172135,34.73772348526931,-0.37698815594693363,-3.7698816047478356,380,session_close,0,-4.401783820347937,-0.46548549470260703
VTAK,2026-09-17T13:30:05.000Z,2026-09-17T19:50:05.000Z,1.5286624203821653,0.16069833909612083,0.15672387306972996,62.228317102421926,-0.247324332203054,-2.4732464870178696,380,session_close,0,-7.9642012282812535,-0.3235872489325917
SLXN,2026-09-17T13:30:05.000Z,2026-09-17T19:50:05.000Z,8.23529411764705,0.370669695072226,0.3854206513101783,26.97819366250167,0.3979541540945629,3.9795420111368927,380,session_close,4.945185746626057,-5.927027583937006,0.24819938169501476
SNAP,2026-09-17T13:35:05.000Z,2026-09-17T19:50:05.000Z,3.321678321678334,5.921185175538083,5.6488684900738315,1.6888510835491313,-0.45990232931480923,-4.599023293330882,375,session_close,1.6688352336985846,-4.748798884043193,-0.3546587275453188
SAFE,2026-09-17T13:35:05.000Z,2026-09-17T19:50:05.000Z,-0.14471780028942893,13.835146066618872,13.547162674249947,0.7227968039962925,-0.2081534756082696,-2.081534889347972,375,session_close,0,-2.5669845833847793,-0.15178732883921953
MDCX,2026-09-17T13:40:05.000Z,2026-09-17T19:50:05.000Z,2.496798975672232,0.16123345,0.17176389994944483,17.55,0.1848093966127567,6.531181928715676,370,session_close,13.686086851084545,-1.0751180973923247,0.2141099999999998
CYAB,2026-09-17T13:40:05.000Z,2026-09-18T13:45:05.000Z,4.223433242506802,0.30816726503987146,0.29663951353846296,32.4499098199576,-0.46257629838917785,-4.625763002391685,1445,session_close,0.1079721949329926,-6.544259344762715,-0.5849832324711688
CORZ,2026-09-18T13:45:05.000Z,2026-09-18T19:50:05.000Z,2.3337222870478236,17.56354088255129,17.816432818712094,0.5693612730801136,0.14398687472421018,1.4398687477195586,365,session_close,1.4601788965201923,-2.5253500163621934,0.10248502915442081
QUBT,2026-09-18T13:45:05.000Z,2026-09-18T19:50:05.000Z,-0.7109004739336511,8.391696535369508,8.598269975912903,1.1916541492397184,0.24616409754626012,2.4616409765620575,365,session_close,3.316414785228372,-1.5693672288366378,0.3455797032795189
INFQ,2026-09-18T13:45:05.000Z,2026-09-18T19:50:05.000Z,-2.5252525252525193,13.522712323615709,13.14736727235535,0.7394966157271139,-0.27756639513695547,-2.7756639517123065,365,session_close,0,-6.379728437386712,-0.1848741539317782
QBTS,2026-09-18T13:45:05.000Z,2026-09-18T19:50:05.000Z,-2.4307518371961767,17.273457609750558,16.92660695265572,0.5789228899914509,-0.20079978480077684,-2.0079978480917804,365,session_close,0,-4.188261702406226,-0.11578457799829245
XNDU,2026-09-18T13:45:05.000Z,2026-09-18T19:50:05.000Z,0.3916449086161844,7.711669784185773,7.388495548417883,1.296736017486056,-0.4190716714437528,-4.190716729476915,365,session_close,0,-4.56022877051786,-0.2723145636720723
SLXN,2026-09-18T13:45:05.000Z,2026-09-18T19:50:05.000Z,8.684210526315784,0.4160883536508685,0.43557198828386795,24.03335706455299,0.4682571480501668,4.682571492819957,365,session_close,7.0205392899899355,-5.957473559009518,0.49268381982333587
NVST,2026-09-18T13:50:05.000Z,2026-09-18T19:50:05.000Z,-2.1105951878429674,23.21465748731912,23.33532055211237,0.4307623321224413,0.0519771031913825,0.5197710319834079,360,session_close,2.133748959903725,-0.23544386708688192,0.0732295964608145
UNG,2026-09-18T13:50:05.000Z,2026-09-18T19:50:05.000Z,1.0164569215876051,10.44209069511058,10.407858232206594,0.9576626263326316,-0.03278315033046441,-0.32783150332158867,360,session_close,0.5545757701236553,-0.5946193815348888,-0.03830650505330446
ENRD,2026-09-21T13:30:05.000Z,2026-09-21T13:55:05.000Z,5.597964376590325,4.171141418921638,3.629243130768687,2.397425259399098,-1.2991606440430157,-12.991606702537734,25,stop,0,-12.973461328039537,-1.2466611348875283
LGHL,2026-09-21T13:30:05.000Z,2026-09-21T14:45:05.000Z,2.9113924050632844,8.172340012459067,9.397586502167805,1.2236397087367497,1.4992602577979248,14.992602948981556,75,take_profit,15.022135467556597,-5.167920226216626,1.1869305174746483
WETH,2026-09-21T13:35:05.000Z,2026-09-21T15:05:05.000Z,6.666666666666665,1.1504798956957094,0.9897434937179997,8.69202419859537,-1.397124695585405,-13.971248222508956,90,stop,0,-13.948952632385225,-1.3038036297893054
CYAB,2026-09-21T13:35:05.000Z,2026-09-21T16:10:05.000Z,5.550146056475191,0.32696630367187385,0.2847400793408334,30.584191343171813,-1.2914549246402385,-12.914549253802148,155,stop,1.692436274313902,-12.89622300473805,-1.382405448711367
MARA,2026-09-21T13:30:05.000Z,2026-09-21T19:50:05.000Z,5.211480362537757,13.95280454972637,13.187360306734766,0.7167017901142799,-0.5485952591847526,-5.4859525929976245,380,session_close,0,-5.4670338641081955,-0.3941859845628546
SCNI,2026-09-21T13:30:05.000Z,2026-09-21T19:50:05.000Z,9.615384615384603,1.7204094294507344,1.6395909403529978,5.812569809419896,-0.46976310977243474,-4.697631140253577,380,session_close,4.0450005305704195,-8.16139617971997,-0.5812569809419905
SDST,2026-09-21T13:30:05.000Z,2026-09-21T19:50:05.000Z,2.400000000000002,0.12843063844540706,0.12618883764219183,77.86303976151285,-0.1745534250781391,-1.7455342668627871,380,session_close,1.2219526225123012,-5.863584061063564,-0.28030694314144533
USAR,2026-09-21T13:35:05.000Z,2026-09-21T19:50:05.000Z,8.230318802862712,16.653330887748385,16.856621498522497,0.6004804724831484,0.12207204200902615,1.2207204201032793,375,session_close,2.201776417721746,-1.701346653460345,0.08406726614764004
CLSK,2026-09-21T13:35:05.000Z,2026-09-21T19:50:05.000Z,3.5590877677954325,15.003001285466633,14.817032106231453,0.6665333028742414,-0.12395465126843608,-1.2395465127056111,375,session_close,0.979795387178739,-2.152911136383917,-0.08664932937365144
RIOT,2026-09-21T13:35:05.000Z,2026-09-21T19:50:05.000Z,4.905263157894724,24.934987702320335,23.985198409263496,0.40104290883339233,-0.3809062608663258,-3.809062608715285,375,session_close,0.3409357914852862,-3.7898061695550767,-0.29677175253670995
JBLU,2026-09-21T13:35:05.000Z,2026-09-21T19:50:05.000Z,1.3729977116704761,4.440892990211808,4.539086187946799,2.25179936102514,0.22111137991666652,2.2111137996663826,375,session_close,2.4568709497993835,-0.4704682201948751,0.24769792971276416
SCAG,2026-09-22T13:30:05.000Z,2026-09-22T13:40:05.000Z,9.962794543199681,0.26818831,0.2493136224390244,25,-0.4922353652860437,-7.341637900414731,10,stop,0,-14.612236454303318,-0.7910000000000004
MAZE,2026-09-22T13:30:05.000Z,2026-09-22T13:40:05.000Z,9.468512728896815,24.626817415056447,28.744240334273016,0.4060613930963302,1.6719264865438388,16.719265221413636,10,take_profit,16.742653000800267,0,1.2466084768057328
STI,2026-09-22T13:30:05.000Z,2026-09-22T14:00:05.000Z,10.468319559228645,8.041666330967697,6.908602778667789,1.2435233661035394,-1.4089910025652153,-14.089910046834289,30,stop,0,-14.072535273065945,-0.8704663562724786
SCNX,2026-09-22T13:30:05.000Z,2026-09-22T17:50:05.000Z,8.697079094190997,0.3344042119776724,0.2911371142041066,29.903928519995173,-1.3173390620889642,-13.173391079632399,260,stop,1.2248015651791677,-13.099180694708801,-1.2598206764678022
SHPU,2026-09-22T13:30:05.000Z,2026-09-22T19:50:05.000Z,9.67529527964115,16.02335992487661,16.73602264776825,0.6240888319599719,0.44476484631085883,4.4476484721860325,380,session_close,6.407146066347247,0,0.19970842622719154
IMSR,2026-09-22T13:30:05.000Z,2026-09-22T19:50:05.000Z,9.55555555555554,4.9610257813633805,4.669051993667748,2.0157121584579336,-0.5885351138091024,-5.885351146379108,380,session_close,0,-9.696095173913521,-0.221728337430374
VTGN,2026-09-22T13:35:05.000Z,2026-09-22T19:50:05.000Z,9.871244635193133,0.25946098499569054,0.2597234063992229,38.541439737700514,0.010114098710126277,0.10114098793571817,375,session_close,1.67231886689303,-4.532852982072,0.2697900781639042
SOFX,2026-09-22T13:35:05.000Z,2026-09-22T19:50:05.000Z,9.776889205068118,8.971803401555256,8.40825758615508,1.1146031126985818,-0.6281299199932958,-6.281299201256295,375,session_close,0,-8.49108442816744,-0.4681333073334031
GMEU,2026-09-22T13:35:05.000Z,2026-09-22T19:50:05.000Z,9.240506329113906,8.672396946678278,8.828225717592405,1.1530837264633644,0.1796836198558673,1.7968362365356527,375,session_close,3.0856873245893146,-2.679731429582355,0.3113326061451076
SOFA,2026-09-22T13:35:05.000Z,2026-09-22T19:50:05.000Z,8.957654723127039,13.423933633676684,12.536713539676818,0.7449381083071475,-0.6609240584763503,-6.609240765121884,375,session_close,0,-8.521597803544656,-0.4842097703996462
VFF,2026-09-22T13:35:05.000Z,2026-09-22T19:50:05.000Z,8.680555555555557,3.140645105710947,2.9893876862866073,3.184059214658198,-0.48161258010348795,-4.816125806424072,375,session_close,0,-4.796629375188354,-0.3820871057589841
SKIL,2026-09-22T13:35:05.000Z,2026-09-22T19:55:05.000Z,8.585858585858585,6.501426490458479,6.008756150555249,1.538123975096465,-0.7580373943498739,-7.580373975865834,380,session_close,0.5933084008276079,-7.558748701991758,-0.5898683502876221
ZEO,2026-09-23T13:35:05.000Z,2026-09-23T13:45:05.000Z,8.207431604736627,0.5323067259089274,0.46790522736829454,18.786161271675894,-1.209856937721928,-12.098569378522432,10,stop,0,-12.08076523908691,-0.817198015317901
EDVA,2026-09-23T13:30:05.000Z,2026-09-23T14:10:05.000Z,8.369470945359915,0.2517583100923252,0.30033971961591516,39.720634933522575,1.929684432242474,19.296844463952002,40,take_profit,19.32078821542649,0,1.521300317953914
HAO,2026-09-23T13:35:05.000Z,2026-09-23T15:55:05.000Z,8.771929824561386,3.150702510663282,2.749110116350235,3.173895318529358,-1.274612220267176,-12.746122268093925,140,stop,1.2472611807594847,-12.717878292448715,-1.5869476592646787
RUN,2026-09-23T13:30:05.000Z,2026-09-23T19:50:05.000Z,-1.7064846416382062,8.661956567410963,8.348325806133262,1.154473572292811,-0.36207842535318047,-3.620784274740871,380,session_close,0.20830666199507242,-3.832350864698275,-0.4271552217483414
ONDS,2026-09-23T13:30:05.000Z,2026-09-23T19:50:05.000Z,0.38860103626943143,7.761561350206076,7.47849937231998,1.288400560965818,-0.36469721109653963,-3.646972111849379,380,session_close,2.0413244532263786,-3.885318128652937,-0.2319121009738474
OLB,2026-09-23T13:30:05.000Z,2026-09-23T19:50:05.000Z,-2.9563585171281215,0.20869133058501615,0.20564054058730308,47.91757869791455,-0.1461864698062269,-1.4618671456839716,380,session_close,6.5688734537054705,-3.206328967407801,-0.33063129301561034
EPOW,2026-09-23T13:30:05.000Z,2026-09-23T19:50:05.000Z,-0.5955572300068046,6.902816195312306,6.238433248661662,1.4486839671947347,-0.9624809228903839,-9.624810046395648,380,session_close,7.782096313856579,-9.746981178047509,-1.30381557047526
JDST,2026-09-23T13:35:05.000Z,2026-09-23T19:50:05.000Z,8.29244357212955,22.104446150838488,22.46505779119452,0.4523976728202509,0.16313986688896284,1.63139866927792,375,session_close,2.4680729181754124,-0.2915528866849426,0.11762339493326657
IONL,2026-09-23T13:35:05.000Z,2026-09-23T19:50:05.000Z,8.08656036446469,14.302865542003794,14.315672260272356,0.699160596165583,0.008953952779572666,0.08953952780267899,375,session_close,6.062662446554201,-1.4882719926203825,0.09788248346318085
XNDU,2026-09-23T13:35:05.000Z,2026-09-23T19:50:05.000Z,-2.768166089965396,5.631127943819544,5.3289228154700545,1.7758431523979035,-0.5366689077989697,-5.366689078360844,375,session_close,0,-5.880312916402019,-0.4617192196234541
INFQ,2026-09-23T13:35:05.000Z,2026-09-23T19:50:05.000Z,-0.2844950213371278,14.04280948232703,13.817224053151966,0.7121082154090206,-0.16064123739213287,-1.6064123739552603,375,session_close,2.1875289133529208,-2.512385308445886,-0.14242164308180527
LGHL,2026-09-23T13:30:05.000Z,2026-09-24T13:35:05.000Z,1.6752577319587791,7.92243119753559,7.188411144005475,1.2622387525199419,-0.9265085566924729,-9.265085871095282,1445,time,0,-11.264612784686545,-1.1360148772679466
ZKIN,2026-09-24T13:35:05.000Z,2026-09-24T14:00:05.000Z,8.235294117647074,1.8706224262470916,1.5896604355483497,5.345814001582161,-1.5019705437897315,-15.019706101910568,25,stop,0,-15.001553617107334,-0.7484139602215034
GRML,2026-09-24T13:35:05.000Z,2026-09-24T14:05:05.000Z,9.606791778373559,12.282458020810175,14.23715077273039,0.814169279693663,1.5914507898533052,15.91450789905716,30,take_profit,15.937705432195749,0,1.489929781839404
BTLN,2026-09-24T13:35:05.000Z,2026-09-24T14:10:05.000Z,7.625368731563409,0.7482851629656752,0.6528723798399716,13.363889032351869,-1.2750858459597574,-12.750858609511182,35,stop,0,-12.693711925173135,-1.130585012136967
KYTX,2026-09-24T13:35:05.000Z,2026-09-24T14:30:05.000Z,9.54738330975955,7.761565548871075,6.798621980421484,1.2883998638564291,-1.2406563624918765,-12.406563629288057,55,stop,0,-12.388809226908293,-1.4430078475192012
ATCH,2026-09-24T14:00:05.000Z,2026-09-24T14:55:05.000Z,6.61577608142494,0.21044258675521402,0.18406283664673065,47.51889885652214,-1.2535366772653502,-12.535366778763365,55,stop,4.731653130822044,-12.517707162503001,-1.3447848376395761
HUHU,2026-09-24T13:35:05.000Z,2026-09-24T16:40:05.000Z,9.322033898305083,6.501454096229596,5.717349487710435,1.5381174424926622,-1.2060449751022013,-12.06044981497121,185,stop,0,-12.019681822913842,-0.9382516399205247
ORCZ,2026-09-24T13:35:05.000Z,2026-09-24T19:50:05.000Z,9.313725490196067,17.894335392206358,17.39607801147935,0.5588360605882199,-0.27844419180448593,-2.7844419466062837,375,session_close,4.669995221826495,-3.7125457729807576,-0.25147622726469976
KHC,2026-09-24T14:00:05.000Z,2026-09-24T19:50:05.000Z,0.10508617065994041,23.83479867315912,23.81523198617134,0.41955462407579636,-0.008209294003566708,-0.0820929400583283,350,session_close,0.525287956310172,-0.6494649914263517,0.012586638722273946
DKNG,2026-09-24T14:00:05.000Z,2026-09-24T19:50:05.000Z,-2.1882352941176464,20.804171911450005,21.38571592225974,0.4806728208849262,0.27953240014465,2.7953240017675087,350,session_close,3.1523873737509644,-0.5968606295820189,0.2547565950690096
IOVA,2026-09-24T14:00:05.000Z,2026-09-24T19:50:05.000Z,2.3552502453385804,10.442103449016635,10.637869731064313,0.9576614564147846,0.18747782278268724,1.874778228385722,350,session_close,2.852840449607097,-2.701595999254358,0.19153229128295557
LBTYA,2026-09-24T14:00:05.000Z,2026-09-24T19:50:05.000Z,0.5801687763713037,9.551914387934188,9.508064273308321,1.0469105556170981,-0.045907147866839824,-0.45907147871067255,350,session_close,0.39872229292508,-1.2763345962165218,-0.07328373889319728
OPTU,2026-09-24T14:00:05.000Z,2026-09-24T19:50:05.000Z,-0.4901960784313597,1.0202084968588965,1.0397170000391325,9.801917962631075,0.19122074774640072,1.9122074791868935,350,session_close,4.88052229464917,0,0.09801917962631101
KITT,2026-09-25T13:30:05.000Z,2026-09-25T13:35:05.000Z,9.867751780264511,3.2506620830068993,2.3695253641399314,3.076296378114295,-2.710637696873967,-27.10637698926572,5,stop,0,-27.09177578348214,-1.3228074425891467
GIPR,2026-09-25T13:30:05.000Z,2026-09-25T14:10:05.000Z,1.138484509145199,0.546989977147987,0.6778642330292415,18.281869697146135,2.3926260927320553,23.926262152669516,40,take_profit,23.95108289462651,0,2.2998592079009814
FRVO,2026-09-25T13:35:05.000Z,2026-09-25T18:35:05.000Z,3.470975463794135,17.31347308425055,15.216938055112209,0.5775848641144177,-1.2109268999159852,-12.109269000715312,300,stop,0,-12.091583670493634,-1.2244799119225647
USDE,2026-09-25T13:30:05.000Z,2026-09-25T19:50:05.000Z,9.353023909985936,15.57336000990229,17.24648943237259,0.6421221855496412,1.0743535214640392,10.743535251265275,380,session_close,11.53662401020281,-6.571221684027007,1.3291929240877582
PL,2026-09-25T13:30:05.000Z,2026-09-25T19:50:05.000Z,1.759364358683313,17.95364021078964,17.4664959940182,0.5569901076840478,-0.2713345097571858,-2.7133450991107666,380,session_close,1.0937046019912522,-3.1951192296083675,-0.11139802153681089
QBTS,2026-09-25T13:30:05.000Z,2026-09-25T19:50:05.000Z,-0.17162471395879564,17.483606157970396,17.41650571040614,0.5719643817555788,-0.03837906600661323,-0.38379066056499994,380,session_close,2.6104102203282853,-1.221751142415306,0
LFS,2026-09-25T13:30:05.000Z,2026-09-25T19:50:05.000Z,4.235294117647048,2.2304984761973947,2.1094897888027044,4.483302747849161,-0.5425185807102352,-5.425185835633867,380,session_close,0.425982079970022,-7.1956326314562835,-0.40349724730642755
TSUI,2026-09-25T13:35:05.000Z,2026-09-25T19:50:05.000Z,9.249394673123511,22.606923109925376,22.863717153762465,0.44234235794540955,0.11359088285723512,1.1359088655649316,375,session_close,1.1637005566632164,-3.082786217905953,-0.026540541476725465
MGN,2026-09-25T13:35:05.000Z,2026-09-25T19:50:05.000Z,8.92388451443571,4.20153419082605,3.8479917136616404,2.3800828321716327,-0.8414603803424422,-8.414604311357527,375,session_close,4.009626044262382,-9.080830322864465,-0.9282323045469365
TNON,2026-09-25T13:35:05.000Z,2026-09-25T19:50:05.000Z,0.6756756756756799,3.0007475429263355,3.049349869970652,3.332502896169282,0.1619673956357508,1.6196739762025842,375,session_close,5.307092809225833,-0.6914124773756414,0.1333001158467706
AMZE,2026-09-25T13:35:05.000Z,2026-09-25T19:50:05.000Z,1.5813253012048278,0.1361972,0.1345662238125,32.6,-0.05316982371249981,-1.1975108060224398,375,session_close,1.7642066063032313,-2.4943244060817604,0.009780000000000122
YMAT,2026-09-25T13:35:05.000Z,2026-09-25T19:55:05.000Z,9.090909090909104,1.5807151802894401,1.5796029468500845,6.326249650368595,-0.007036266406851786,-0.07036267211351559,380,session_close,5.01575620321697,-5.73886943205224,-0.0632624965036861
PMAX,2026-09-28T13:30:05.000Z,2026-09-28T13:40:05.000Z,9.259259259259256,1.7803784752139193,1.519691684464334,5.61678323591083,-1.4642211961056655,-14.642212000359239,10,stop,0,-14.624894584991754,-1.9097063002096828
CSAI,2026-09-28T13:35:05.000Z,2026-09-28T13:55:05.000Z,9.206798866855536,3.8811870584367925,4.469094925018645,2.576531232681091,1.5147629801870506,15.147630292744543,20,take_profit,15.170949833074033,0,1.3913268656477875
LOBO,2026-09-28T13:30:05.000Z,2026-09-28T14:00:05.000Z,8.340775138417577,0.6137392736304972,0.5337636865305294,16.293563681569005,-1.3030873213841934,-13.030873293619011,30,stop,0,-12.976075843965651,-1.2317934143266172
CRMT,2026-09-28T13:35:05.000Z,2026-09-28T15:20:05.000Z,8.962264150943366,1.1705610682429264,1.0293540400996177,8.542910687035459,-1.2063190298099884,-12.0631919149052,105,stop,0,-12.00800813014531,-1.0251492824442536
SCYX,2026-09-28T13:30:05.000Z,2026-09-28T19:50:05.000Z,4.328018223234631,4.610939190445526,4.549018202577237,2.1687555570296597,-0.13429148653611822,-1.342914866381183,380,session_close,8.0040268221107,-3.4903776388769847,-0.2819382224138547
SSPC,2026-09-28T13:30:05.000Z,2026-09-28T19:50:05.000Z,0.43859649122808264,9.171840791745689,9.428058508477168,1.0902936744729737,0.2793525558402397,2.7935255588176506,380,session_close,2.9237228855481634,-2.854833590017569,0.41431159629972925
NEXR,2026-09-28T13:30:05.000Z,2026-09-28T19:50:05.000Z,2.684563758389258,1.5403663291815328,1.509425698254162,6.491962152427277,-0.20086540495271185,-2.008654067621105,380,session_close,0,-5.217351720758212,0
NASA,2026-09-28T13:35:05.000Z,2026-09-28T19:50:05.000Z,-0.44824775876119993,24.455181994188045,24.184994799796083,0.4089112882934339,-0.11048259373920566,-1.1048259401879488,375,session_close,0,-1.4932704008288833,-0.032712903063472965
LINK,2026-09-28T13:30:05.000Z,2026-09-28T19:55:05.000Z,9.369369369369384,6.101297792350582,5.917774921277174,1.6389955568814798,-0.30079317027544844,-3.0079317109139847,385,session_close,4.895715924961275,-6.085554335933107,-0.3933589336515535
ONCY,2026-09-28T13:35:05.000Z,2026-09-28T19:55:05.000Z,-0.4683155275867046,0.6842357366018172,0.6678186799269142,14.614845391233105,-0.25080119435196135,-2.508012068520927,380,session_close,4.1892379869751695,-2.4166724591060174,-0.28229690782466044
